cohort,sample,age,sex,grade,grade_group,gbm,histology,idh_status,codel_1p19q,mgmt_status,os_months,os_event
gravendeel,GSM405201,44.57,Female,3,high,0.0,Oligodendroglioma,Mutant,Non-codeleted,,117.8,1
gravendeel,GSM405202,28.69,Male,3,high,0.0,Oligodendroglioma,Mutant,Non-codeleted,,140.0,1
gravendeel,GSM405203,38.58,Male,3,high,0.0,Oligodendroglioma,WT,Non-codeleted,,107.0,1
gravendeel,GSM405204,33.89,Male,3,high,0.0,Oligodendroglioma,WT,Non-codeleted,,103.1,1
gravendeel,GSM405205,48.03,Male,3,high,0.0,Oligodendroglioma,Mutant,Non-codeleted,,38.9,1
gravendeel,GSM405206,31.53,Male,3,high,0.0,Oligodendroglioma,WT,Non-codeleted,,81.7,1
gravendeel,GSM405207,44.41,Female,3,high,0.0,Oligodendroglioma,WT,Non-codeleted,,97.4,1
gravendeel,GSM405208,51.4,Male,3,high,0.0,Oligodendroglioma,Mutant,Non-codeleted,,36.5,1
gravendeel,GSM405210,38.53,Male,3,high,0.0,Oligodendroglioma,Mutant,Non-codeleted,,123.4,1
gravendeel,GSM405211,34.93,Male,3,high,0.0,Oligodendroglioma,Mutant,Non-codeleted,,22.0,1
gravendeel,GSM405212,23.33,Male,3,high,0.0,Oligodendroglioma,WT,Non-codeleted,,209.9,1
gravendeel,GSM405213,44.09,Male,4,high,1.0,GBM,WT,Non-codeleted,,16.1,1
gravendeel,GSM405214,37.84,Male,4,high,1.0,GBM,WT,Non-codeleted,,18.0,1
gravendeel,GSM405215,51.44,Male,4,high,1.0,GBM,WT,Non-codeleted,,27.6,1
gravendeel,GSM405216,52.06,Male,4,high,1.0,GBM,WT,,,39.4,1
gravendeel,GSM405217,33.2,Male,4,high,1.0,GBM,Mutant,,,81.2,0
gravendeel,GSM405218,32.36,Male,4,high,1.0,GBM,WT,Non-codeleted,,7.7,1
gravendeel,GSM405219,57.25,Male,4,high,1.0,GBM,,Non-codeleted,,7.0,1
gravendeel,GSM405220,54.12,Male,4,high,1.0,GBM,WT,,,15.2,1
gravendeel,GSM405221,55.52,Male,4,high,1.0,GBM,,,,8.3,1
gravendeel,GSM405222,54.06,Male,4,high,1.0,GBM,,,,15.6,1
gravendeel,GSM405223,53.26,Female,4,high,1.0,GBM,WT,,,23.0,1
gravendeel,GSM405224,47.74,Male,4,high,1.0,GBM,WT,,,5.8,1
gravendeel,GSM405225,31.56,Male,3,high,0.0,Mixed/OA,,Non-codeleted,,41.6,1
gravendeel,GSM405226,48.6,Female,3,high,0.0,Mixed/OA,,Non-codeleted,,3.4,1
gravendeel,GSM405227,48.1,Female,3,high,0.0,Oligodendroglioma,,,,57.2,1
gravendeel,GSM405228,45.71,Male,4,high,1.0,GBM,WT,,,8.5,1
gravendeel,GSM405229,54.18,Female,4,high,1.0,GBM,WT,Non-codeleted,,7.9,1
gravendeel,GSM405230,63.33,Female,4,high,1.0,GBM,WT,Non-codeleted,,5.6,1
gravendeel,GSM405231,62.96,Female,4,high,1.0,GBM,,Non-codeleted,,15.1,1
gravendeel,GSM405232,35.7,Male,4,high,1.0,GBM,Mutant,Non-codeleted,,11.8,1
gravendeel,GSM405233,51.64,Male,4,high,1.0,GBM,WT,,,10.3,1
gravendeel,GSM405234,57.68,Female,4,high,1.0,GBM,,,,7.4,1
gravendeel,GSM405235,71.09,Male,4,high,1.0,GBM,WT,,,2.5,1
gravendeel,GSM405236,52.2,Male,4,high,1.0,GBM,WT,,,12.4,1
gravendeel,GSM405237,51.17,Male,4,high,1.0,GBM,WT,,,4.9,1
gravendeel,GSM405238,37.25,Male,4,high,1.0,GBM,WT,,,11.3,1
gravendeel,GSM405239,73.65,Female,4,high,1.0,GBM,WT,,,7.1,1
gravendeel,GSM405240,33.09,Male,4,high,1.0,GBM,Mutant,Non-codeleted,,79.4,0
gravendeel,GSM405241,55.98,Male,4,high,1.0,GBM,,,,1.9,1
gravendeel,GSM405242,30.33,Male,4,high,1.0,GBM,,,,2.2,1
gravendeel,GSM405243,61.33,Male,4,high,1.0,GBM,,,,10.6,1
gravendeel,GSM405244,29.55,Male,4,high,1.0,GBM,Mutant,,,24.6,1
gravendeel,GSM405245,37.98,Male,4,high,1.0,GBM,WT,,,16.8,1
gravendeel,GSM405246,32.59,Male,4,high,1.0,GBM,Mutant,Non-codeleted,,75.7,1
gravendeel,GSM405247,39.36,Male,4,high,1.0,GBM,WT,Non-codeleted,,19.1,1
gravendeel,GSM405248,55.2,Male,4,high,1.0,GBM,Mutant,,,10.1,1
gravendeel,GSM405249,23.02,Male,4,high,1.0,GBM,Mutant,,,0.5,1
gravendeel,GSM405250,30.69,Female,2,lower,0.0,Astrocytoma,Mutant,,,17.8,1
gravendeel,GSM405251,26.17,Female,4,high,1.0,GBM,,,,38.5,1
gravendeel,GSM405252,68.04,Male,4,high,1.0,GBM,WT,,,4.4,1
gravendeel,GSM405253,34.84,Male,4,high,1.0,GBM,WT,Non-codeleted,,150.7,0
gravendeel,GSM405254,40.58,Male,4,high,1.0,GBM,WT,Non-codeleted,,7.1,1
gravendeel,GSM405255,47.93,Male,4,high,1.0,GBM,WT,Non-codeleted,,13.0,1
gravendeel,GSM405256,38.05,Male,2,lower,0.0,Astrocytoma,Mutant,Non-codeleted,,57.5,1
gravendeel,GSM405257,46.04,Male,3,high,0.0,Oligodendroglioma,Mutant,Non-codeleted,,130.3,0
gravendeel,GSM405258,59.35,Male,2,lower,0.0,Astrocytoma,WT,,,22.2,1
gravendeel,GSM405259,64.01,Male,3,high,0.0,Astrocytoma,WT,,,4.9,1
gravendeel,GSM405260,57.58,Male,4,high,1.0,GBM,WT,Non-codeleted,,9.8,1
gravendeel,GSM405261,60.46,Male,3,high,0.0,Oligodendroglioma,Mutant,Non-codeleted,,11.8,1
gravendeel,GSM405262,43.26,Male,4,high,1.0,GBM,WT,,,34.7,1
gravendeel,GSM405263,61.74,Male,4,high,1.0,GBM,WT,,,18.6,1
gravendeel,GSM405264,36.5,Male,4,high,1.0,GBM,WT,Non-codeleted,,3.8,1
gravendeel,GSM405265,32.14,Female,3,high,0.0,Astrocytoma,WT,,,21.7,1
gravendeel,GSM405266,51.62,Male,4,high,1.0,GBM,WT,Non-codeleted,,3.0,1
gravendeel,GSM405267,53.3,Female,4,high,1.0,GBM,,,,7.8,1
gravendeel,GSM405268,48.04,Male,4,high,1.0,GBM,WT,Non-codeleted,,7.7,1
gravendeel,GSM405269,54.59,Male,4,high,1.0,GBM,WT,,,0.4,1
gravendeel,GSM405270,73.11,Female,4,high,1.0,GBM,WT,,,7.0,1
gravendeel,GSM405271,69.89,Male,4,high,1.0,GBM,,,,3.6,1
gravendeel,GSM405272,43.64,Female,3,high,0.0,Oligodendroglioma,WT,Non-codeleted,,12.0,0
gravendeel,GSM405273,56.42,Male,3,high,0.0,Mixed/OA,WT,,,6.5,1
gravendeel,GSM405274,63.08,Female,4,high,1.0,GBM,WT,Non-codeleted,,15.5,1
gravendeel,GSM405275,60.39,Female,4,high,1.0,GBM,,,,41.5,1
gravendeel,GSM405276,51.85,Male,4,high,1.0,GBM,WT,,,3.4,1
gravendeel,GSM405277,43.89,Male,3,high,0.0,Astrocytoma,Mutant,,,33.1,1
gravendeel,GSM405278,58.23,Male,4,high,1.0,GBM,WT,,,8.8,1
gravendeel,GSM405279,46.15,Female,3,high,0.0,Mixed/OA,WT,,,8.5,1
gravendeel,GSM405280,30.43,Female,4,high,1.0,GBM,WT,Non-codeleted,,29.5,1
gravendeel,GSM405281,37.12,Male,3,high,0.0,Astrocytoma,WT,,,39.8,1
gravendeel,GSM405282,51.92,Male,4,high,1.0,GBM,WT,,,1.4,1
gravendeel,GSM405283,38.07,Male,3,high,0.0,Mixed/OA,,Non-codeleted,,48.8,1
gravendeel,GSM405284,57.7,Female,3,high,0.0,Mixed/OA,,Non-codeleted,,19.2,1
gravendeel,GSM405285,36.61,Male,3,high,0.0,Mixed/OA,,Non-codeleted,,15.2,1
gravendeel,GSM405286,62.2,Male,3,high,0.0,Mixed/OA,,,,37.9,1
gravendeel,GSM405287,43.57,Male,3,high,0.0,Oligodendroglioma,,Non-codeleted,,82.4,1
gravendeel,GSM405288,41.93,Male,3,high,0.0,Mixed/OA,,Non-codeleted,,18.4,1
gravendeel,GSM405289,37.44,Male,3,high,0.0,Astrocytoma,WT,,,2.3,1
gravendeel,GSM405290,45.5,Female,4,high,1.0,GBM,,,,13.9,1
gravendeel,GSM405291,23.88,Male,3,high,0.0,Astrocytoma,Mutant,,,75.2,1
gravendeel,GSM405292,65.52,Male,4,high,1.0,GBM,WT,,,13.3,1
gravendeel,GSM405293,63.73,Male,4,high,1.0,GBM,Mutant,,,10.6,1
gravendeel,GSM405294,56.41,Male,4,high,1.0,GBM,WT,Non-codeleted,,9.6,1
gravendeel,GSM405295,41.77,Male,3,high,0.0,Astrocytoma,,,,23.9,1
gravendeel,GSM405296,41.09,Female,4,high,1.0,GBM,WT,Non-codeleted,,3.5,1
gravendeel,GSM405297,67.13,Female,4,high,1.0,GBM,WT,Non-codeleted,,8.6,1
gravendeel,GSM405298,42.56,Female,3,high,0.0,Mixed/OA,Mutant,Non-codeleted,,23.5,1
gravendeel,GSM405299,54.94,Female,4,high,1.0,GBM,,,,21.0,1
gravendeel,GSM405300,33.26,Male,3,high,0.0,Mixed/OA,Mutant,,,34.1,1
gravendeel,GSM405301,65.35,Male,4,high,1.0,GBM,,,,3.6,1
gravendeel,GSM405302,41.39,Male,4,high,1.0,GBM,WT,,,8.9,1
gravendeel,GSM405303,56.64,Male,4,high,1.0,GBM,WT,,,6.6,1
gravendeel,GSM405304,66.39,Male,4,high,1.0,GBM,WT,,,6.7,1
gravendeel,GSM405305,52.69,Male,4,high,1.0,GBM,Mutant,Non-codeleted,,12.7,1
gravendeel,GSM405307,72.22,Male,4,high,1.0,GBM,WT,,,4.0,1
gravendeel,GSM405308,47.4,Male,4,high,1.0,GBM,Mutant,,,37.2,0
gravendeel,GSM405309,54.6,Female,4,high,1.0,GBM,Mutant,,,3.1,1
gravendeel,GSM405310,35.92,Male,3,high,0.0,Mixed/OA,Mutant,Non-codeleted,,81.6,0
gravendeel,GSM405311,43.0,Male,2,lower,0.0,Astrocytoma,WT,,,89.8,0
gravendeel,GSM405312,61.31,Male,4,high,1.0,GBM,WT,,,12.2,1
gravendeel,GSM405313,32.5,Male,4,high,1.0,GBM,Mutant,,,39.7,1
gravendeel,GSM405314,54.37,Male,4,high,1.0,GBM,WT,Non-codeleted,,7.8,1
gravendeel,GSM405315,64.61,Male,4,high,1.0,GBM,WT,,,4.2,1
gravendeel,GSM405316,40.06,Male,3,high,0.0,Mixed/OA,WT,,,124.1,1
gravendeel,GSM405317,62.36,Female,4,high,1.0,GBM,WT,Non-codeleted,,5.4,1
gravendeel,GSM405318,62.46,Male,3,high,0.0,Oligodendroglioma,Mutant,Non-codeleted,,74.5,0
gravendeel,GSM405319,53.65,Male,3,high,0.0,Oligodendroglioma,Mutant,Non-codeleted,,67.4,1
gravendeel,GSM405320,70.28,Male,4,high,1.0,GBM,WT,,,7.2,1
gravendeel,GSM405321,33.83,Female,3,high,0.0,Astrocytoma,Mutant,,,47.6,1
gravendeel,GSM405322,62.28,Male,4,high,1.0,GBM,WT,,,13.7,1
gravendeel,GSM405323,58.78,Female,4,high,1.0,GBM,WT,,,7.4,1
gravendeel,GSM405324,14.38,Male,4,high,1.0,GBM,WT,Non-codeleted,,8.0,1
gravendeel,GSM405325,42.98,Male,3,high,0.0,Mixed/OA,Mutant,,,43.8,1
gravendeel,GSM405326,74.56,Male,4,high,1.0,GBM,Mutant,,,3.2,1
gravendeel,GSM405327,66.86,Male,3,high,0.0,Oligodendroglioma,Mutant,Non-codeleted,,39.6,1
gravendeel,GSM405328,67.6,Male,4,high,1.0,GBM,WT,,,27.1,1
gravendeel,GSM405329,60.33,Male,3,high,0.0,Oligodendroglioma,Mutant,Non-codeleted,,60.2,1
gravendeel,GSM405330,33.12,Female,4,high,1.0,GBM,Mutant,,,8.5,1
gravendeel,GSM405331,59.56,Female,3,high,0.0,Oligodendroglioma,Mutant,Non-codeleted,,98.8,0
gravendeel,GSM405333,57.64,Female,3,high,0.0,Oligodendroglioma,,Non-codeleted,,109.3,1
gravendeel,GSM405334,57.01,Female,3,high,0.0,Oligodendroglioma,,Non-codeleted,,17.6,1
gravendeel,GSM405335,65.59,Female,3,high,0.0,Oligodendroglioma,Mutant,Non-codeleted,,89.3,1
gravendeel,GSM405337,15.02,Female,4,high,1.0,GBM,WT,,,3.4,1
gravendeel,GSM405338,50.23,Female,2,lower,0.0,Oligodendroglioma,Mutant,Non-codeleted,,95.5,1
gravendeel,GSM405340,52.88,Female,4,high,1.0,GBM,Mutant,Non-codeleted,,66.7,0
gravendeel,GSM405341,71.11,Female,3,high,0.0,Mixed/OA,Mutant,,,7.6,1
gravendeel,GSM405342,46.51,Female,3,high,0.0,Oligodendroglioma,Mutant,,,35.9,1
gravendeel,GSM405344,34.71,Male,2,lower,0.0,Oligodendroglioma,WT,Non-codeleted,,14.3,1
gravendeel,GSM405345,45.63,Male,4,high,1.0,GBM,WT,,,10.7,1
gravendeel,GSM405347,43.11,Male,3,high,0.0,Mixed/OA,Mutant,,,2.3,1
gravendeel,GSM405349,24.42,Female,4,high,1.0,GBM,WT,,,28.9,1
gravendeel,GSM405350,40.74,Female,4,high,1.0,GBM,Mutant,,,7.3,1
gravendeel,GSM405351,42.7,Female,4,high,1.0,GBM,Mutant,,,14.6,1
gravendeel,GSM405352,69.95,Female,4,high,1.0,GBM,WT,,,4.8,1
gravendeel,GSM405353,55.39,Male,4,high,1.0,GBM,WT,,,8.4,1
gravendeel,GSM405354,32.15,Male,2,lower,0.0,Astrocytoma,Mutant,,,13.2,1
gravendeel,GSM405355,73.19,Female,2,lower,0.0,Astrocytoma,WT,,,14.3,1
gravendeel,GSM405356,43.21,Female,4,high,1.0,GBM,Mutant,,,2.2,1
gravendeel,GSM405361,79.19,Female,3,high,0.0,Oligodendroglioma,WT,Non-codeleted,,19.7,1
gravendeel,GSM405362,38.11,Male,4,high,1.0,GBM,WT,Non-codeleted,,12.7,1
gravendeel,GSM405363,48.84,Female,4,high,1.0,GBM,Mutant,Non-codeleted,,117.5,1
gravendeel,GSM405364,37.61,Female,3,high,0.0,Oligodendroglioma,Mutant,Non-codeleted,,118.2,1
gravendeel,GSM405365,64.29,Male,4,high,1.0,GBM,WT,Non-codeleted,,31.9,1
gravendeel,GSM405366,75.13,Male,3,high,0.0,Oligodendroglioma,Mutant,Non-codeleted,,26.5,1
gravendeel,GSM405367,46.83,Male,4,high,1.0,GBM,WT,Non-codeleted,,31.4,1
gravendeel,GSM405368,32.14,Female,4,high,1.0,GBM,,,,21.7,1
gravendeel,GSM405369,50.34,Female,4,high,1.0,GBM,Mutant,Non-codeleted,,49.6,1
gravendeel,GSM405370,46.52,Male,4,high,1.0,GBM,WT,Non-codeleted,,19.3,1
gravendeel,GSM405371,53.26,Female,4,high,1.0,GBM,,,,23.0,1
gravendeel,GSM405372,37.12,Male,4,high,1.0,GBM,,Non-codeleted,,39.8,1
gravendeel,GSM405373,58.58,Male,4,high,1.0,GBM,,Non-codeleted,,14.5,1
gravendeel,GSM405374,58.58,Male,4,high,1.0,GBM,WT,Non-codeleted,,14.5,1
gravendeel,GSM405375,67.03,Female,4,high,1.0,GBM,WT,,,0.7,1
gravendeel,GSM405376,52.98,Male,4,high,1.0,GBM,WT,,,22.2,1
gravendeel,GSM405377,41.98,Male,3,high,0.0,Oligodendroglioma,WT,Non-codeleted,,7.2,1
gravendeel,GSM405378,57.22,Male,2,lower,0.0,Oligodendroglioma,WT,,,0.0,1
gravendeel,GSM405379,60.28,Male,4,high,1.0,GBM,WT,,,0.6,1
gravendeel,GSM405380,39.99,Female,3,high,0.0,Oligodendroglioma,Mutant,Non-codeleted,,72.5,1
gravendeel,GSM405381,38.37,Female,3,high,0.0,Oligodendroglioma,Mutant,Non-codeleted,,189.8,1
gravendeel,GSM405382,44.15,Male,3,high,0.0,Mixed/OA,,Non-codeleted,,58.3,1
gravendeel,GSM405383,37.6,Male,2,lower,0.0,Astrocytoma,WT,Non-codeleted,,15.8,1
gravendeel,GSM405384,70.3,Female,4,high,1.0,GBM,WT,Non-codeleted,,0.2,0
gravendeel,GSM405385,34.78,Male,4,high,1.0,GBM,Mutant,,,15.1,0
gravendeel,GSM405386,53.85,Male,2,lower,0.0,Oligodendroglioma,Mutant,Non-codeleted,,45.1,1
gravendeel,GSM405387,37.11,Female,3,high,0.0,Mixed/OA,Mutant,Non-codeleted,,136.9,1
gravendeel,GSM405388,78.52,Male,3,high,0.0,Mixed/OA,WT,Non-codeleted,,6.4,1
gravendeel,GSM405389,52.88,Female,4,high,1.0,GBM,,Non-codeleted,,66.7,0
gravendeel,GSM405390,70.07,Male,3,high,0.0,Mixed/OA,WT,,,0.2,1
gravendeel,GSM405391,55.55,Female,4,high,1.0,GBM,,Non-codeleted,,12.6,1
gravendeel,GSM405392,48.35,Male,4,high,1.0,GBM,,,,5.6,1
gravendeel,GSM405393,70.67,Male,4,high,1.0,GBM,WT,,,1.0,1
gravendeel,GSM405394,31.77,Male,2,lower,0.0,Astrocytoma,WT,Non-codeleted,,10.3,0
gravendeel,GSM405395,55.42,Male,2,lower,0.0,Mixed/OA,Mutant,Non-codeleted,,45.1,1
gravendeel,GSM405396,77.31,Male,4,high,1.0,GBM,Mutant,Non-codeleted,,0.2,1
gravendeel,GSM405397,60.36,Male,4,high,1.0,GBM,WT,Non-codeleted,,4.2,1
gravendeel,GSM405399,52.07,Male,3,high,0.0,Mixed/OA,WT,,,14.2,1
gravendeel,GSM405400,49.64,Male,3,high,0.0,Astrocytoma,WT,,,5.4,1
gravendeel,GSM405401,37.18,Female,3,high,0.0,Astrocytoma,,,,23.6,1
gravendeel,GSM405402,23.72,Female,2,lower,0.0,Astrocytoma,WT,,,54.6,0
gravendeel,GSM405403,38.42,Male,3,high,0.0,Astrocytoma,,,,0.5,1
gravendeel,GSM405404,54.35,Male,3,high,0.0,Oligodendroglioma,Mutant,Non-codeleted,,0.5,1
gravendeel,GSM405405,71.09,Male,4,high,1.0,GBM,WT,Non-codeleted,,7.3,1
gravendeel,GSM405406,78.82,Female,3,high,0.0,Oligodendroglioma,,,,20.3,1
gravendeel,GSM405407,81.18,Male,3,high,0.0,Astrocytoma,WT,Non-codeleted,,9.8,1
gravendeel,GSM405408,63.1,Female,2,lower,0.0,Oligodendroglioma,,Non-codeleted,,21.4,1
gravendeel,GSM405409,54.0,Male,3,high,0.0,Oligodendroglioma,,Non-codeleted,,124.3,1
gravendeel,GSM405410,37.08,Male,3,high,0.0,Oligodendroglioma,WT,Non-codeleted,,248.2,1
gravendeel,GSM405411,37.55,Female,3,high,0.0,Astrocytoma,WT,Non-codeleted,,0.6,1
gravendeel,GSM405412,55.71,Male,4,high,1.0,GBM,WT,,,7.8,1
gravendeel,GSM405413,46.47,Male,3,high,0.0,Astrocytoma,Mutant,Non-codeleted,,14.4,1
gravendeel,GSM405414,35.23,Male,3,high,0.0,Oligodendroglioma,WT,,,64.0,1
gravendeel,GSM405415,67.48,Male,4,high,1.0,GBM,WT,Non-codeleted,,6.0,1
gravendeel,GSM405416,64.26,Male,4,high,1.0,GBM,,,,4.1,1
gravendeel,GSM405417,77.31,Male,4,high,1.0,GBM,,Non-codeleted,,0.2,1
gravendeel,GSM405418,46.61,Male,4,high,1.0,GBM,Mutant,Non-codeleted,,62.0,1
gravendeel,GSM405419,36.27,Male,4,high,1.0,GBM,Mutant,,,35.2,1
gravendeel,GSM405420,49.94,Female,3,high,0.0,Oligodendroglioma,Mutant,Non-codeleted,,36.0,1
gravendeel,GSM405421,38.4,Female,3,high,0.0,Astrocytoma,WT,Non-codeleted,,73.0,0
gravendeel,GSM405422,70.67,Female,4,high,1.0,GBM,WT,Non-codeleted,,10.9,1
gravendeel,GSM405423,35.67,Male,3,high,0.0,Astrocytoma,Mutant,Non-codeleted,,73.4,1
gravendeel,GSM405424,33.25,Female,2,lower,0.0,Astrocytoma,Mutant,Non-codeleted,,38.4,1
gravendeel,GSM405425,32.98,Male,2,lower,0.0,Oligodendroglioma,Mutant,Non-codeleted,,192.6,1
gravendeel,GSM405426,67.1,Male,4,high,1.0,GBM,Mutant,,,0.6,1
gravendeel,GSM405427,50.83,Female,4,high,1.0,GBM,,,,18.4,1
gravendeel,GSM405428,70.51,Female,4,high,1.0,GBM,WT,Non-codeleted,,9.5,1
gravendeel,GSM405429,43.93,Male,3,high,0.0,Mixed/OA,Mutant,Non-codeleted,,224.6,1
gravendeel,GSM405430,61.1,Male,4,high,1.0,GBM,WT,Non-codeleted,,4.2,1
gravendeel,GSM405431,80.65,Male,4,high,1.0,GBM,WT,Non-codeleted,,11.0,1
gravendeel,GSM405432,60.78,Male,4,high,1.0,GBM,,,,6.6,1
gravendeel,GSM405433,43.85,Male,2,lower,0.0,Astrocytoma,,,,58.9,0
gravendeel,GSM405434,67.01,Male,4,high,1.0,GBM,,,,2.9,1
gravendeel,GSM405435,54.98,Male,3,high,0.0,Mixed/OA,Mutant,Non-codeleted,,3.1,1
gravendeel,GSM405436,79.06,Male,4,high,1.0,GBM,Mutant,,,5.8,1
gravendeel,GSM405437,51.63,Male,2,lower,0.0,Oligodendroglioma,Mutant,,,41.3,0
gravendeel,GSM405438,42.67,Female,4,high,1.0,GBM,WT,Non-codeleted,,27.6,1
gravendeel,GSM405439,32.92,Male,2,lower,0.0,Mixed/OA,WT,,,44.4,0
gravendeel,GSM405440,69.88,Male,4,high,1.0,GBM,,,,6.4,1
gravendeel,GSM405441,44.74,Female,2,lower,0.0,Oligodendroglioma,WT,Non-codeleted,,39.2,0
gravendeel,GSM405442,63.61,Female,4,high,1.0,GBM,WT,,,3.6,1
gravendeel,GSM405443,56.62,Male,4,high,1.0,GBM,WT,,,11.8,1
gravendeel,GSM405444,39.92,Male,2,lower,0.0,Astrocytoma,WT,Non-codeleted,,34.1,0
gravendeel,GSM405445,56.15,Male,3,high,0.0,Oligodendroglioma,WT,Non-codeleted,,40.0,0
gravendeel,GSM405446,68.18,Male,4,high,1.0,GBM,Mutant,,,8.8,1
gravendeel,GSM405447,59.03,Male,4,high,1.0,GBM,,Non-codeleted,,33.5,1
gravendeel,GSM405448,58.71,Female,4,high,1.0,GBM,,Non-codeleted,,5.8,1
gravendeel,GSM405449,45.39,Female,3,high,0.0,Oligodendroglioma,WT,Non-codeleted,,24.2,1
gravendeel,GSM405450,36.66,Female,3,high,0.0,Mixed/OA,,,,159.6,0
gravendeel,GSM405451,28.55,Male,2,lower,0.0,Mixed/OA,Mutant,Non-codeleted,,44.3,1
gravendeel,GSM405452,71.02,Female,4,high,1.0,GBM,WT,,,4.2,1
gravendeel,GSM405453,70.23,Male,4,high,1.0,GBM,WT,,,2.5,1
gravendeel,GSM405454,22.52,Male,4,high,1.0,GBM,Mutant,,,39.8,1
gravendeel,GSM405455,55.49,Female,4,high,1.0,GBM,Mutant,,,2.8,1
gravendeel,GSM405457,70.98,Male,3,high,0.0,Oligodendroglioma,WT,Non-codeleted,,3.6,1
gravendeel,GSM405458,68.46,Male,4,high,1.0,GBM,WT,Non-codeleted,,19.0,1
gravendeel,GSM405459,64.28,Female,4,high,1.0,GBM,WT,Non-codeleted,,13.7,1
gravendeel,GSM405460,52.52,Male,3,high,0.0,Oligodendroglioma,WT,Non-codeleted,,5.8,1
gravendeel,GSM405461,49.14,Female,4,high,1.0,GBM,WT,Non-codeleted,,9.1,1
gravendeel,GSM405462,49.83,Male,2,lower,0.0,Astrocytoma,WT,Non-codeleted,,90.2,1
gravendeel,GSM405463,65.53,Female,4,high,1.0,GBM,WT,,,26.6,1
gravendeel,GSM405464,54.72,Male,4,high,1.0,GBM,WT,,,6.7,1
gravendeel,GSM405465,69.38,Male,4,high,1.0,GBM,WT,,,7.6,1
gravendeel,GSM405466,67.11,Male,4,high,1.0,GBM,WT,Non-codeleted,,3.4,1
gravendeel,GSM405467,43.9,Female,3,high,0.0,Oligodendroglioma,Mutant,Non-codeleted,,16.1,1
gravendeel,GSM405469,46.86,Male,3,high,0.0,Oligodendroglioma,Mutant,Non-codeleted,,66.7,0
gravendeel,GSM405470,31.72,Male,4,high,1.0,GBM,Mutant,,,23.0,1
gravendeel,GSM405471,78.12,Female,4,high,1.0,GBM,Mutant,,,1.8,1
gravendeel,GSM405472,62.11,Female,4,high,1.0,GBM,Mutant,,,4.1,1
gravendeel,GSM405473,47.29,Male,4,high,1.0,GBM,WT,,,13.4,1
gravendeel,GSM405474,61.28,Female,4,high,1.0,GBM,WT,,,3.5,1
gravendeel,GSM405475,33.74,Female,4,high,1.0,GBM,WT,,,12.6,1
gravendeel,GSM405476,64.97,Female,3,high,0.0,Mixed/OA,WT,Non-codeleted,,15.7,1
gravendeel,GSM405477,73.64,Male,4,high,1.0,GBM,,,,1.3,1
gravendeel,GSM405478,26.66,Male,3,high,0.0,Oligodendroglioma,,Non-codeleted,,72.7,1
gravendeel,GSM405479,63.3,Male,4,high,1.0,GBM,Mutant,,,4.6,1
