Sample,EGFR,PDGFRA,PTEN,NF1,TP53,RB1,CDKN2A,CDKN2B,MDM2,MDM4,CDK4,CDK6,MET,PIK3CA,PIK3R1,PIK3CB,IDH1,IDH2,ATRX,CIC,FUBP1,NOTCH1,TERT,MGMT,OLIG2,GFAP,SOX2,NES,CD44,CHI3L1,VEGFA,MKI67,BCAN,DLL3,POSTN,SERPINE1,TIMP1,LGALS1,ANXA1,CASP8
900_00_53_32,11.0968,6.3721,7.2912,7.7408,8.8786,8.8376,6.7248,5.3676,6.6568,8.6687,11.0082,8.4317,6.8658,7.8603,10.4194,7.2766,9.4442,9.7848,8.3373,9.7851,8.8881,9.3249,6.8966,5.8795,9.9313,10.9383,11.2687,10.2186,9.0055,13.302,12.7733,8.124,8.062,7.0538,7.7363,9.0427,12.6669,13.2517,8.3894,7.3779
900_00_5308,11.0239,6.1724,7.0597,7.6274,8.8628,8.7439,6.6727,5.366,6.6332,8.3656,10.5066,7.0295,6.9564,7.657,9.9226,7.6453,9.0793,9.6945,8.0631,9.7659,8.4548,9.1403,6.7533,5.6402,9.2669,11.8795,10.402,9.6564,8.0403,12.2911,9.2317,7.9273,8.228,7.1342,8.8568,7.7243,12.6961,12.6116,8.1153,6.9631
900_00_5317,8.2979,6.0162,7.3753,7.1969,6.4471,7.5839,7.1217,5.9413,6.445,7.6075,8.9559,6.144,7.8371,7.6892,10.438,8.0198,7.724,9.6011,8.2203,9.9081,8.2439,7.75,6.6616,7.2144,8.668,7.645,8.825,7.4807,6.6087,8.7417,8.2346,6.6858,7.6018,7.0184,4.9746,7.2766,9.6793,11.2381,6.2748,6.239
900_00_5338,9.427,6.1967,7.171,7.3804,9.3509,8.5403,7.0238,5.8097,7.4916,8.3556,10.9623,6.4554,7.5355,7.4561,9.6126,7.4253,8.9499,9.7625,7.6151,9.717,7.8086,8.0083,6.6959,7.0941,8.9392,11.5134,10.3409,9.2043,11.2561,13.7495,12.634,7.37,7.4134,6.9971,7.4325,11.4077,13.6194,13.1902,8.7606,6.8911
900_00_5341,9.7746,6.3171,6.9017,7.4086,8.5459,8.3206,6.9566,6.7118,6.5549,8.3835,10.8039,6.4019,7.015,7.5538,10.9385,7.551,8.5802,9.9306,7.9212,9.3964,8.3091,9.218,6.746,5.8442,10.5203,11.8738,10.6442,9.4849,8.0733,6.2888,7.9515,7.1024,8.6784,8.893,5.0452,6.6064,7.7301,11.9114,6.0587,6.6961
900_00_5342,8.7937,6.0819,7.5926,7.1407,8.4847,8.5831,9.4946,6.9719,6.5998,8.0316,11.0562,6.245,8.0544,6.4284,9.7466,7.3469,8.912,9.9434,7.9302,9.5542,8.3362,8.3972,6.7704,7.0228,6.1957,10.8812,10.2706,8.4828,10.8177,14.0746,12.2471,7.6438,7.153,6.9373,6.6939,11.5612,14.0215,13.6187,9.207,7.0539
900_00_5345,8.9559,6.3877,7.397,7.405,8.98,8.2298,7.0059,7.1208,6.8075,8.2356,10.7975,6.6363,6.7288,7.2092,9.5358,7.2411,9.1214,10.1438,8.0242,9.2297,7.1377,9.5606,6.7952,6.2309,11.2864,10.6839,10.5188,9.0268,7.8043,6.5582,8.3944,6.9037,8.3667,9.6468,5.0203,6.6136,8.8288,10.9123,6.3606,6.5218
900_00_5346,8.4381,6.2994,7.4016,7.5115,9.2897,8.4266,6.9541,6.124,6.6338,8.123,10.8492,6.8298,7.2244,6.7157,8.827,7.1609,8.9973,9.6047,7.7897,9.6713,8.2988,8.8662,6.9128,7.1764,8.2128,11.6907,10.3985,9.5681,10.0441,13.9945,11.8621,8.0121,7.1545,7.2592,5.7932,12.0726,13.7651,13.1332,9.1089,7.1368
900_00_5379,9.6326,6.2885,7.6778,7.4205,9.5305,8.6427,6.8802,5.8087,6.769,8.4428,11.4151,7.0609,7.3101,7.1461,10.1565,7.3375,9.5712,10.224,7.6753,9.9874,7.7077,9.0461,6.7483,6.2868,9.7964,12.5934,11.0819,9.7927,10.2722,13.8077,11.8279,8.2726,8.6357,8.9463,5.9682,8.8772,13.2155,13.5436,8.8531,7.048
900_00_5380,9.5134,6.4733,7.1075,7.4729,8.8838,7.5876,6.9882,6.0384,6.7328,8.2318,10.9785,6.6604,6.8236,7.1322,10.1651,7.4002,9.0216,10.4297,7.7722,9.4566,7.8804,9.6189,6.9009,6.4321,11.0096,11.3801,10.5508,9.3287,7.6358,10.0622,8.3086,7.7931,9.1585,8.8188,4.7971,6.8036,9.5477,11.2694,5.7104,6.3954
900_00_5381,8.1775,6.527,7.6951,7.096,8.1633,8.3884,6.8344,5.7049,6.6056,8.2624,10.541,6.4529,7.4515,6.8995,9.7402,7.3458,9.7573,9.7688,8.0634,9.6459,8.4797,8.4288,6.771,6.7429,8.5158,11.2879,9.9709,9.2943,10.0121,13.634,11.6098,7.0202,7.0791,7.0648,5.5455,9.9365,13.0129,13.2856,9.0226,6.8212
900_00_5382,8.3837,6.2603,7.6495,7.7274,6.8296,7.7558,6.9637,6.1893,6.7075,8.4772,9.9006,6.0675,6.7759,7.9661,9.5014,7.6219,7.974,9.5561,7.9818,9.8645,8.4941,8.1793,6.906,6.8195,9.4837,8.0693,9.4629,8.2511,7.901,8.6695,8.3486,6.9877,7.9642,7.8985,4.9561,7.1551,9.977,10.6846,5.7903,6.2849
900_00_5384,9.4225,6.2703,7.167,7.1724,7.3941,8.1988,6.8979,7.1666,6.6083,7.893,10.9406,6.6834,7.7549,7.0938,9.0432,7.22,9.3539,9.4633,7.7551,9.4929,8.8509,8.2264,6.5966,6.6919,8.8005,10.9279,9.8821,9.1385,9.7781,13.8163,12.0978,7.5546,7.1885,7.0429,7.8845,11.2525,13.9621,13.3753,9.288,6.9384
900_00_5385,11.0458,6.1507,6.1584,7.721,8.6543,8.6946,6.6937,5.7533,6.6069,8.5989,10.8427,6.6719,7.0315,7.3332,10.4485,7.6188,9.3795,10.3896,8.6656,9.3893,9.0658,9.8127,6.5396,6.5587,10.9673,11.2296,11.1183,9.7156,8.6955,13.26,9.0027,7.8563,8.2586,8.7794,6.9446,7.0802,11.6189,11.9096,7.8547,6.86
900_00_5396,9.1246,6.3431,8.1354,7.4833,8.4779,8.4389,9.3472,7.5921,6.8375,8.2423,13.2207,6.4714,7.8883,7.4791,9.9061,7.1324,9.923,10.0649,7.6727,9.4525,8.7688,8.3535,6.6487,6.849,8.2741,12.3475,10.1515,8.8949,10.5432,13.8343,11.2514,7.3859,7.1168,6.9955,7.4109,11.23,13.6841,13.4421,8.6391,7.3081
900_00_5404,10.2239,6.1823,7.0219,7.674,8.681,8.5515,8.0762,7.1792,6.7274,8.3927,11.4097,6.6096,7.392,6.9775,10.3678,7.3263,8.9565,10.4061,8.4008,9.5297,8.5604,8.6901,6.6407,6.5511,9.1716,11.411,10.9025,9.261,9.5486,13.7735,10.004,7.5175,7.8302,7.3915,5.0249,9.3559,12.9284,12.3413,8.7509,7.0197
900_00_5404_B,9.2493,6.2039,7.5399,7.537,8.6528,8.5063,7.51,7.5336,6.6376,8.3204,11.3897,6.3798,7.7794,7.4361,10.0864,7.1127,9.2307,9.8088,8.245,9.4858,8.3126,8.3479,6.5502,6.7503,8.4657,11.554,10.3441,9.0139,10.2495,13.8341,11.3548,6.7822,7.6041,6.9626,7.1304,10.4331,13.73,13.0739,8.8987,7.0422
900_00_5412,9.4,6.3611,7.2539,7.3583,8.6042,7.5745,7.0136,6.9177,6.7247,8.5028,10.6724,6.6158,6.7228,8.0758,10.1933,7.2652,9.3635,9.4979,8.3581,9.1646,7.3359,9.4052,6.8352,6.311,11.3702,10.8571,11.0521,9.2067,6.8937,7.2162,8.1822,7.5714,8.9468,9.2046,4.9847,6.6845,8.2734,10.0093,6.2131,6.2009
900_00_5413,8.8756,6.1304,7.7256,7.1321,8.572,8.8019,6.7744,6.1135,6.5654,8.3085,10.7111,6.775,7.9628,7.4934,9.1039,7.416,9.4353,9.0575,7.8388,9.5809,9.048,8.2304,6.7337,6.8326,8.2119,10.1717,10.2028,9.1796,9.6261,14.0437,12.1938,7.6923,6.6277,6.8234,8.3517,10.6373,14.3151,13.1672,8.3807,7.095
900_00_5414,8.8986,6.2735,7.4614,7.6879,9.0528,8.5236,6.8368,5.7574,6.6266,8.5747,10.7819,6.7432,7.4732,7.3772,10.0475,7.148,9.3782,9.8933,7.9125,9.7639,8.7751,8.9224,6.6871,6.366,10.227,12.3657,11.1091,9.7946,9.5111,12.1511,11.9139,7.0462,7.6227,8.7638,5.5429,9.2374,12.7111,12.5541,8.6485,7.2118
900_00_5445,10.8389,6.138,6.6356,7.4595,8.6231,8.4627,6.875,5.9368,6.678,10.5711,10.4063,6.6844,7.4769,7.1804,10.7185,7.5007,9.2247,10.5618,8.1025,9.4661,8.547,8.7641,6.6506,6.8545,9.8464,11.3959,11.0689,9.0954,8.7664,12.7296,8.466,7.0742,7.81,8.2508,4.925,7.4731,11.2844,10.8159,8.3564,7.1966
900_00_5458,10.3079,6.3302,6.6748,7.4621,6.6318,8.445,6.983,5.9019,6.6223,8.1286,10.8429,6.9933,7.9828,7.2051,10.2167,7.1251,8.4001,10.1693,7.7595,9.5114,8.9038,8.8629,6.7297,6.7773,8.502,11.2368,10.0634,8.9604,9.7056,13.2107,10.8847,7.9123,7.5829,7.8753,5.2259,8.5005,12.4426,12.2029,8.1005,7.203
900_00_5459,8.8549,6.4413,7.726,7.2381,8.291,8.2056,6.7526,7.0445,6.4821,8.5885,10.6864,6.3833,6.5983,8.0851,10.2181,7.5201,9.4096,10.3806,7.4449,9.5145,8.9794,9.4226,6.6152,6.5829,10.9845,8.8717,11.1866,8.5867,7.5017,8.1964,8.0365,7.4379,8.9814,8.8109,4.7576,6.4807,7.9034,9.5594,5.8373,6.5305
900_00_5462,8.7434,6.2802,7.2783,7.1564,8.4703,8.6241,6.8792,5.9639,6.6346,8.6662,10.5642,6.7353,7.7693,7.0213,9.3739,7.0706,9.123,9.6129,7.6928,9.4591,8.7266,8.7667,6.68,7.1686,8.9987,11.1969,10.6034,9.829,10.0148,13.8719,12.2247,7.7287,7.1627,7.1234,7.9421,11.7698,13.5458,13.1554,9.0255,7.1129
900_00_5468,9.474,6.2043,7.1845,7.5172,8.6285,8.3107,6.6192,6.6671,6.5052,8.8354,10.5894,6.2047,6.9707,7.6023,10.0955,7.6468,9.1058,10.6223,7.7815,9.5256,8.3321,9.4726,6.6509,7.3362,11.2394,10.5549,11.5507,8.4958,7.7406,6.9143,8.0501,6.7336,9.0947,8.3885,4.8099,6.3272,9.6662,10.7532,6.2528,6.9319
900_00_5476,9.1367,6.2768,6.9894,7.6097,9.1323,8.6748,6.8704,6.4091,6.859,8.8136,10.8072,6.1152,6.6115,7.4164,10.7277,7.1869,9.2276,9.6427,8.1775,9.0939,9.1256,9.4356,6.8136,7.0182,11.4842,9.1025,11.1752,8.9219,7.4644,7.7415,8.7195,7.156,8.3233,10.1544,5.1385,6.3083,9.2345,10.7524,5.8917,6.6588
900_00_5477,8.3352,6.2563,7.3028,7.422,7.6953,7.8764,6.9813,6.3439,6.5196,7.6609,10.3873,6.4141,6.8647,7.1687,10.5611,7.5655,8.7933,10.168,8.2613,9.6029,8.4813,8.4754,7.0383,6.9932,9.4943,9.7714,10.1382,8.7203,7.4211,10.3792,8.3594,7.1184,7.8435,7.5327,5.2141,6.5783,9.8499,11.0918,6.2338,6.2587
900_00_5488,10.6478,6.2942,7.8894,7.7413,8.5278,8.9524,6.5397,5.4136,6.7754,8.7439,10.691,7.3883,6.8834,7.5235,10.7894,7.738,9.792,9.6533,8.244,9.1717,8.891,9.2452,6.8856,7.2146,10.7748,10.401,10.7042,9.6691,8.4668,13.0167,12.4531,8.1642,8.0322,8.3924,4.6949,8.9303,12.2986,12.2344,7.0396,6.8105
900_00_5489,10.0171,6.2398,7.4104,7.6183,9.4859,9.101,6.8339,6.0931,6.7036,8.5156,10.8892,8.5414,7.0608,7.1759,10.1878,7.3965,9.2726,9.0971,7.8195,9.8426,8.4753,8.6851,6.9441,6.2533,9.4733,10.5221,10.7538,9.5799,9.1782,13.694,13.1253,8.3624,7.1544,7.1358,8.252,9.6939,12.9569,12.8962,8.8988,7.2872
900_00_5540,8.0359,6.39,7.6885,7.2842,7.7793,7.7561,9.8592,7.7499,6.7475,8.2911,10.9673,6.4054,7.6884,7.2867,10.035,7.077,8.619,9.7072,7.6605,9.6131,9.0505,8.9841,6.5407,6.9812,9.1881,12.1469,9.7408,9.0722,10.0333,13.3204,12.2705,7.7826,7.2108,8.4685,5.9669,11.2706,13.4164,12.7763,8.8049,6.5716
900_00_5541,8.3861,6.2565,6.2449,7.4907,8.2576,9.202,6.332,5.3884,6.7258,8.5664,11.0193,8.4893,6.7026,7.4731,10.7089,7.4166,9.7143,9.3152,8.6673,8.6941,9.4457,8.9416,6.7604,5.9219,10.0907,10.5929,10.8672,9.058,8.4708,13.0516,12.3285,8.903,7.0537,7.8519,5.1505,9.4619,12.6208,12.942,8.0833,7.1136
900_00_5542,9.507,6.2408,6.7656,7.4237,7.2852,8.8851,6.6682,5.5496,6.6096,8.4361,10.7223,6.2422,7.4745,7.6816,10.6129,7.6425,9.056,9.0585,8.2556,8.808,9.3204,8.6002,6.8024,5.9944,9.9629,11.2911,10.7987,9.2617,9.0497,11.5514,11.7251,8.2219,7.3551,7.8645,4.9772,8.2249,11.8494,12.3292,8.5158,7.1683
900_00_5543,10.515,6.1698,6.7309,7.4392,9.3696,8.8904,6.8695,5.7706,6.712,11.442,10.8544,6.7315,7.9617,7.4779,9.4218,7.4653,9.4822,9.3101,7.7907,9.6546,8.9339,8.6647,6.7721,6.0573,8.5902,11.6856,11.1117,9.3661,9.9394,13.0451,12.2011,7.7941,7.4269,7.5002,5.3841,9.9227,13.1425,13.3558,8.8108,7.1433
900_00_5544,10.7894,6.3355,6.6573,7.7332,9.418,8.5608,6.7473,5.7363,6.6464,8.6596,11.1147,7.3556,7.7612,6.8031,9.4819,7.0801,9.6508,9.8994,7.9546,9.9731,8.6558,9.2255,6.6605,6.2382,10.0397,11.9085,10.7768,9.9843,9.4483,13.5945,11.5226,8.6092,7.581,8.709,8.4988,9.1879,12.8089,13.0031,8.5897,7.3837
900_00_5545,10.0431,6.3429,7.5409,7.1422,9.1118,8.3224,7.0579,6.8289,6.391,9.9861,10.9252,6.8297,6.7708,7.2647,10.7886,7.5281,8.7852,10.5301,7.8606,9.6821,8.6793,8.9085,7.0711,6.0704,10.494,9.4105,10.4466,9.5084,7.3856,10.2937,8.7774,7.8715,7.8443,9.1287,4.8403,6.8019,10.0916,12.7983,6.5488,6.9824
900_00_5546,8.3764,6.3031,7.9505,6.9233,8.5322,7.2136,9.7357,7.7936,6.6414,8.3637,11.3099,6.8113,7.7744,7.399,10.4329,7.3377,8.2692,9.368,8.1573,9.0806,8.8222,7.9082,6.8476,7.1352,8.2754,11.5267,10.1949,9.7819,10.2161,13.0867,10.7927,8.7069,6.742,7.1386,9.0944,10.9189,14.0901,13.4255,8.7305,7.4363
900_00_5547,9.6057,6.1106,7.1916,7.3842,8.796,8.1629,6.9052,6.8379,6.5964,8.5433,10.757,6.1335,6.8994,7.6885,10.7013,7.4927,8.5709,9.4818,8.1367,9.3617,7.6636,9.0183,6.7012,6.2701,10.8821,10.557,10.9631,8.8073,8.4113,8.8567,8.0463,7.1155,8.3926,8.7301,5.2664,6.7223,8.5477,10.4734,6.6064,6.5982
900_00_5548,8.3575,6.2156,7.6394,7.6777,8.7065,8.4923,9.5638,7.5651,6.5768,8.3788,13.5701,6.469,7.4794,7.5459,10.049,7.2613,9.1421,9.2724,8.0526,9.529,9.1284,8.7917,6.6011,6.7126,10.41,10.2677,10.3925,9.2046,9.4266,13.0085,12.0639,8.2003,7.6175,8.8102,5.1737,10.9192,12.4629,12.8458,8.1399,7.0587
900_00_5549,8.6132,6.3544,7.7315,7.4147,8.7392,9.0339,6.7702,6.8717,6.668,8.9426,10.3479,6.1279,6.5598,7.5524,10.2388,7.3592,9.1924,9.9607,7.4818,9.1718,9.2613,8.4893,6.4879,7.1371,10.5134,11.5692,10.5158,9.5086,8.9212,8.1813,8.159,7.2632,7.8971,9.048,4.7085,8.2228,9.405,10.8814,8.737,6.5425
900_00_5550,9.2419,6.3768,7.6242,7.3709,7.8263,8.5452,7.2534,7.6345,6.6355,8.4138,10.5163,6.2333,7.5358,7.022,10.4356,7.8071,8.7087,9.5353,8.7603,8.7449,8.6778,8.8223,6.8007,6.7456,10.5274,8.0967,9.9532,9.4125,8.7242,9.0375,9.159,6.9427,8.6452,8.4299,4.978,7.3925,9.7173,10.8989,6.8546,6.4876
900_00_5551,8.6746,6.2297,7.6407,7.2832,8.8544,8.7709,6.6756,6.1338,6.8003,8.2042,11.028,6.7187,7.4836,7.3489,9.7567,7.3681,9.0921,9.2429,7.7339,9.491,8.6697,8.5017,6.7931,7.2901,10.0431,9.9158,10.1048,9.5479,8.9475,13.3394,13.0189,8.2987,7.1339,7.6376,5.8945,9.9764,13.2043,12.6775,9.083,7.1407
900_00_5552,8.7289,6.2943,7.5596,7.1868,8.5175,8.6707,6.6687,6.8251,6.6181,8.4914,10.4444,6.2211,6.9143,7.2548,9.7727,7.411,8.8684,9.8046,7.9539,9.5744,9.097,9.0257,6.6626,6.6145,11.3282,10.7635,11.0287,8.9027,8.401,10.1074,8.1732,7.3095,8.4118,9.1633,4.7998,7.4566,9.7711,11.2471,6.6786,6.863
900_00_5554,8.4342,6.3338,7.0622,7.5428,9.4731,8.3325,6.9293,5.9433,6.7173,8.7189,11.5319,6.8608,7.1897,7.6758,9.694,7.5059,8.9295,9.324,7.9274,9.4916,8.5694,8.8466,6.8485,6.7941,11.2081,9.6388,10.7884,9.0758,8.3499,12.223,11.776,8.3292,7.5042,9.2137,5.1634,7.2157,12.1,12.1927,7.0657,6.5988
900_0052_99,9.2997,6.0953,7.0708,7.551,8.9737,8.0871,6.7201,6.9817,6.6056,8.2415,10.946,7.3756,7.6446,6.8253,9.6338,7.2107,9.2343,9.7425,8.1692,9.7228,8.6305,8.9947,6.7936,6.9072,8.1014,12.3721,10.9591,8.9154,11.4879,14.1692,12.2747,7.7799,7.8601,7.2975,5.1106,9.1385,13.1722,13.5699,9.4485,7.1426
900_0053_03,10.775,6.5475,7.1134,7.811,10.0187,8.6127,6.8966,6.288,6.7236,8.516,11.4605,8.522,7.7876,7.608,8.9864,7.013,9.1969,10.0361,8.077,9.7855,9.259,9.9059,6.9181,6.6855,9.7994,9.6592,11.7839,9.2868,8.8895,13.2118,10.8227,9.215,7.8239,8.3781,4.9623,7.1111,11.4338,11.9904,8.2186,6.4518
E08021,8.488,6.2766,7.0926,7.9811,9.208,8.734,6.8912,5.9623,6.6584,8.4735,11.0585,5.8604,6.9315,8.1172,9.486,7.1555,8.4521,9.4611,8.7344,9.265,7.912,9.4388,6.9047,7.3891,11.5095,6.9825,10.0641,9.0514,6.4856,7.4794,11.407,9.9611,8.2966,8.9348,5.1561,6.8362,7.9257,8.2978,5.4701,6.4813
E09139,10.1766,6.0429,7.107,7.6032,9.1406,8.7901,6.6502,6.0802,6.7903,8.5418,10.5408,7.5177,7.4805,7.5178,9.964,7.1764,9.2796,9.3842,7.7691,9.4453,8.3383,8.4973,6.6424,6.9484,9.5546,10.6509,10.4417,9.5313,9.8847,13.1634,12.256,7.9093,6.8826,7.3225,7.5911,9.6139,12.7204,13.5919,9.4653,7.0104
E09192,8.9104,6.1845,7.1932,7.4222,7.739,9.0268,7.4589,8.3289,6.6641,7.934,10.6925,6.5546,7.1112,7.9362,9.721,7.6309,8.3775,9.2204,8.1001,9.1809,7.8062,8.6186,6.7754,6.4106,9.7154,10.4168,9.6686,9.3061,9.9541,10.7354,9.3519,7.6547,7.4189,7.8035,5.6123,9.2504,9.5616,12.1544,7.8506,6.9801
E09212,8.6784,5.9609,7.1153,7.1718,8.1311,8.2613,7.382,7.2155,6.7513,7.5815,10.6141,6.1737,7.7202,6.9549,9.812,7.3799,8.3803,9.4685,7.5549,9.3615,7.7541,7.779,6.7702,7.7297,8.8179,9.5845,8.8937,8.7104,8.7722,13.2428,10.231,6.9541,7.5113,7.195,6.0426,8.9147,12.8377,13.0839,8.4847,7.0792
E09239,8.5558,6.239,6.9368,7.0687,8.3819,8.6226,6.9286,5.9551,6.8195,8.1489,10.3755,6.674,7.6603,6.932,9.3107,7.2733,8.6986,9.0757,8.679,9.7246,8.2091,8.2237,6.8414,6.4136,7.8028,10.0115,9.6228,9.5711,9.8793,13.9833,12.9158,7.0744,6.9196,7.0768,7.0768,10.6728,12.9169,13.1695,9.2589,7.1197
E09262,8.9371,6.2003,7.4278,7.1048,7.7732,8.7689,6.8926,7.0427,6.6996,7.8029,10.0859,6.5958,7.7053,6.8229,9.8795,7.3865,8.689,9.3234,8.0262,9.5193,7.9951,7.8995,6.9008,7.0525,8.8703,10.062,8.4981,8.6765,9.4533,13.2828,9.4701,6.8774,7.0614,6.8099,5.2769,9.9314,11.6874,12.6887,9.4315,7.1583
E09278,9.9614,6.2738,7.6534,7.477,8.1594,7.7845,6.9793,7.0156,6.7086,7.7676,10.8393,5.9343,6.7754,7.8435,11.7196,7.6562,9.1559,8.9847,9.1216,9.1846,8.7775,8.9476,6.8121,5.6465,11.1885,7.5527,10.6693,8.712,6.7689,6.4324,8.7566,7.8203,8.0813,8.5187,4.7543,7.2454,9.4779,9.8397,6.011,6.0525
E09289,8.5501,6.3352,7.1116,7.6469,8.6038,9.0055,6.5866,6.6738,6.7069,8.3425,12.6926,6.7909,7.1694,6.9398,9.5994,7.3975,8.7578,9.6543,7.8276,9.4533,8.8423,8.5513,6.7495,7.1387,10.745,10.8701,10.2661,8.8346,8.84,11.387,8.2485,7.5162,7.5608,7.9038,5.1107,8.1115,10.4439,12.1243,8.1779,7.1243
E09331,8.6663,6.3306,7.2049,6.9501,7.9684,7.8451,6.9824,6.0601,6.7402,7.4125,10.3281,6.6044,7.1459,6.8388,10.367,7.8208,8.3344,9.4164,8.8528,9.5712,8.2627,8.5524,6.788,7.744,9.1851,10.8105,9.3187,9.5681,7.702,12.4755,8.401,7.7055,7.6534,7.6653,5.8322,9.4383,13.2795,13.1818,8.1086,6.7758
E09334,8.5952,6.2867,7.0294,7.4784,8.0999,8.5049,6.6813,6.3267,6.5882,7.9373,10.2953,6.4992,7.4885,6.7237,10.0214,7.4057,8.6672,9.1196,8.6014,9.1975,8.331,8.2987,6.6884,7.0766,8.5085,10.1937,10.0265,8.873,8.8106,13.6194,11.64,7.2824,7.2108,7.2481,5.3424,10.5146,13.0417,13.1301,9.6546,6.9086
E09348,10.0568,6.2264,6.8001,7.7069,8.0096,8.6585,7.025,5.9894,6.8214,8.0485,9.8334,7.1001,6.9948,6.9017,10.2989,7.3955,8.6209,8.5211,8.6933,9.5704,8.4858,8.8475,6.89,6.6941,8.528,10.7945,9.5291,9.3212,8.9896,13.6752,12.2418,6.9763,7.4782,7.4604,5.3961,9.6196,12.0832,12.6858,8.6948,7.2536
E09358,9.4099,6.7084,7.0855,7.785,8.1193,7.987,6.8414,6.3065,6.5426,7.7918,10.1887,6.5201,6.9135,8.4714,11.4737,7.7618,8.6035,8.5912,9.831,8.987,8.8288,8.8078,6.8963,6.3356,10.8099,8.9723,10.7106,8.9341,6.7187,6.4275,8.2342,6.9764,8.7686,8.7019,4.963,7.7384,8.5422,9.9926,6.6478,6.244
E09394,9.3077,6.4079,6.9516,7.8098,8.3137,8.158,6.9599,6.2531,6.6533,8.4717,11.1545,6.6788,6.9609,8.3648,11.425,7.8867,9.0773,9.2004,7.6875,9.5176,9.1661,9.7168,6.7715,6.181,11.0502,10.3818,11.5805,9.1542,8.1652,6.7474,8.714,7.1921,9.057,8.7736,4.9478,6.9358,7.2273,9.3774,5.8568,6.4683
E09430,10.1171,6.1054,6.6358,7.2778,7.8826,8.0563,7.0551,5.951,6.7525,10.3349,10.2546,6.2394,7.7975,6.3966,9.5002,7.3617,8.4869,9.0924,7.4117,9.319,8.1608,8.1062,6.8036,7.3205,8.1187,10.7956,9.4911,8.899,9.0155,13.5415,9.8007,7.2026,7.66,7.1149,5.8194,7.8823,12.4801,12.5013,9.7925,7.2197
E09448,7.6519,7.289,6.0662,7.5354,9.2851,8.8319,6.8051,5.7956,6.6643,8.2844,11.2183,7.7977,7.3322,7.214,9.3175,7.185,9.1382,9.2156,9.4015,8.8687,8.5932,9.226,6.8502,6.1298,11.4763,7.8557,10.0372,10.1286,7.8239,10.4405,11.9001,9.6203,7.8324,8.0199,7.9651,8.7806,12.3304,13.0751,6.9293,6.2062
E09451,9.9066,6.0864,7.4248,6.9844,8.4544,7.8548,10.1805,7.8789,6.6473,8.142,10.8686,6.3865,7.5922,6.996,9.4509,7.1569,8.7057,10.0088,9.1543,9.7098,8.579,8.7309,6.8123,7.1525,7.6248,11.7548,10.244,9.6731,9.8394,14.0687,8.9044,8.6455,7.5058,7.1467,7.7756,7.8952,12.8981,12.7694,9.0305,7.1707
E09454,8.3655,6.036,7.0444,7.5116,6.5197,7.9203,6.9531,6.0303,6.6484,7.8793,8.9536,6.4211,8.4814,8.1921,10.8317,8.2354,7.603,8.8931,9.0131,9.6424,7.9077,7.7833,6.8572,7.2368,8.2979,8.2741,8.7791,7.8458,7.5043,10.5867,8.9898,7.0346,7.4829,7.2503,5.1368,8.3177,10.5022,11.721,7.0759,6.3472
E09471,8.6161,6.1038,7.1352,7.0436,7.1847,8.2245,6.8967,6.0882,6.7072,7.5943,9.8558,6.6507,7.1842,7.527,10.4595,7.5303,8.1799,8.8397,8.774,9.0977,8.4166,8.2339,6.8718,6.9062,7.9121,9.2301,8.5042,8.3306,7.6243,10.8052,8.6297,6.9654,7.4703,7.2051,5.4524,7.6359,11.2256,12.1655,8.5134,6.874
E09483,8.8637,6.3481,6.6199,6.6691,8.1086,8.5894,6.9046,5.8018,6.8934,7.6832,10.6097,6.9802,7.8859,7.0721,9.6906,7.5184,8.9735,8.3074,8.2862,9.4908,7.9836,7.6993,7.1666,6.3539,7.2312,10.4194,9.5876,9.2292,9.6788,13.8659,13.0258,7.0934,7.1592,7.0909,5.9762,11.6596,13.4288,13.6841,10.5526,7.0276
E09489,10.3451,6.0584,7.6766,7.296,8.5647,8.9235,6.5602,6.833,6.6714,7.6393,10.4478,6.4023,7.1148,7.4684,10.1704,7.346,8.8244,9.2168,8.8723,9.3101,8.1038,8.8921,6.5948,7.1553,8.5144,12.5963,10.6061,9.823,9.5555,12.709,9.3009,7.3867,7.7158,7.3618,8.2393,10.8633,13.1603,13.0506,10.2759,7.1164
E09511,7.7092,6.271,7.3774,7.3749,7.9167,8.3805,6.8138,7.1971,7.0211,7.7519,10.1204,6.8161,7.5847,7.4593,9.8516,7.5909,9.2392,8.4834,9.0411,9.514,8.2451,7.972,6.8467,6.9909,8.4963,9.5037,9.1257,8.9341,9.5662,13.7074,10.91,7.0872,6.7606,7.0758,8.3758,11.5872,13.5684,13.2715,9.0493,7.245
E09513,9.0388,6.3542,6.7237,7.0702,7.0031,7.6945,7.6544,6.6338,7.0419,7.6137,9.1506,6.5967,7.9141,6.5907,9.5232,7.5539,7.5329,8.0713,8.2782,9.3876,6.7511,7.6872,7.183,7.2576,7.1318,8.3448,8.7281,8.2944,6.7007,10.2683,8.1907,7.1285,7.1542,7.3734,6.389,7.1024,10.516,10.7887,7.1925,6.7309
E09515,8.7121,6.0092,7.0636,7.4967,7.0151,8.1772,7.1728,6.8915,6.7959,7.8288,9.4174,6.3996,7.2621,7.4388,10.1303,7.6434,7.5066,8.7234,8.3065,9.4811,7.849,7.7971,6.8146,6.6533,7.7113,9.1698,8.8657,8.2505,7.398,8.546,8.6342,7.1733,7.2451,7.0637,5.3512,8.4448,10.0379,10.9987,7.4677,6.6589
E09531,8.4938,6.5333,7.0753,6.8818,7.0694,7.767,7.2666,6.2002,6.4774,7.6702,9.7666,6.4313,7.8887,7.0711,10.6034,7.5394,8.1989,9.5066,8.0534,9.7999,7.9944,7.8184,6.7899,7.2958,9.3987,9.4038,9.6375,8.8929,7.5162,10.4933,8.9404,6.7729,7.5803,7.5341,5.1483,9.0709,10.7102,12.2135,8.1356,7.044
E09535,9.0406,6.294,6.7751,7.4438,8.4762,8.4526,6.8543,6.0559,6.7133,7.9772,10.2036,8.2188,7.9598,7.0743,10.5918,7.7329,8.6281,8.7598,8.5819,9.5154,7.9063,8.2529,6.8291,6.6136,9.5304,10.4079,9.7871,9.8126,9.5204,13.8309,12.1843,7.5399,6.9883,7.2957,6.8477,10.3907,12.6145,12.9909,9.0592,7.1306
E09569,8.1516,6.7829,6.9138,7.291,8.6165,8.6073,9.452,7.9583,6.5706,8.2017,13.5499,7.6173,7.1129,7.2832,10.2363,7.415,8.7536,9.9911,8.5208,9.5386,9.2391,8.7289,6.6733,6.1469,11.0687,12.0383,10.0514,8.1453,9.0542,11.7207,9.029,7.8131,7.4552,9.2575,5.4122,7.9228,9.8835,11.6677,7.8258,6.5478
E09601,8.1568,6.3381,7.2743,7.1735,8.4,8.2978,6.7364,6.1478,6.6884,8.0029,10.5145,6.4678,7.7025,7.7254,9.2956,7.2732,8.5596,8.3363,8.2793,9.5809,8.3735,8.0504,6.7711,7.2088,8.0874,11.8451,8.9121,8.8124,10.7742,13.5309,12.345,7.244,7.2556,7.4639,7.7972,12.2489,13.275,13.4927,10.0221,7.1309
E09602,8.9655,6.111,6.6004,7.0062,7.2961,8.34,6.8709,6.2269,6.6827,7.9831,10.4722,7.1652,8.0837,6.8434,10.2029,7.1803,8.7077,8.7486,8.0488,9.4914,8.16,8.1121,6.827,6.903,8.2444,9.684,9.6608,9.3228,9.2742,13.7725,11.6517,6.979,7.2776,7.1561,6.6978,10.907,13.7205,12.5781,8.9985,6.973
E09605,8.663,6.3017,7.1573,7.5697,8.3127,8.8041,6.8234,6.0342,6.7666,7.87,12.5018,7.4817,8.4947,7.2499,10.3236,7.7081,8.7644,9.3576,8.538,9.5359,8.3195,8.0474,6.771,6.8994,10.6147,11.901,9.7896,9.1869,10.3056,13.1323,11.2705,7.4887,7.7651,8.2843,5.7768,8.6513,11.9191,12.9436,8.1338,6.9733
E09606,8.279,6.2358,7.0366,7.3508,8.2342,8.791,6.8485,7.2857,6.6642,7.979,10.3438,6.9213,8.1151,6.9548,9.8206,7.5769,8.8759,9.1133,8.6715,9.2852,8.1549,8.1557,6.7068,7.1563,9.3635,9.7858,8.8036,9.0531,10.6642,13.9182,11.4342,6.802,6.9328,6.9858,5.8219,11.7143,13.8589,13.3882,8.7204,6.901
E09610,10.3347,7.1079,7.0077,7.2474,7.5404,8.4645,9.3092,7.5154,6.7933,8.0776,13.6309,6.6364,6.5874,7.4216,10.188,6.9225,9.2766,8.775,9.0111,9.6773,9.2909,9.4015,6.7517,7.0024,9.1826,12.3981,10.2925,9.7964,8.7328,8.2541,11.6215,8.3509,7.9778,7.2433,5.0338,9.5554,12.1286,12.7378,9.2448,7.3875
E09615,8.7218,6.4432,7.7087,7.1264,8.3891,7.5469,6.8935,6.4868,7.3906,7.9857,10.9387,6.5171,8.1416,7.4811,8.4221,7.7905,8.8779,9.5867,8.316,9.4173,8.9637,8.1125,6.9623,6.3452,8.2324,10.1231,9.2004,8.8245,9.8871,13.6998,11.725,8.3786,6.9631,7.2576,7.3951,10.8251,13.4262,13.1335,9.6705,6.587
E09623,10.5525,6.2524,6.8972,7.4868,8.6631,8.5431,9.007,7.1036,10.1129,8.555,13.8429,6.9028,7.4833,7.0189,10.145,7.2346,8.3797,9.7996,8.0713,9.8178,8.8934,8.8352,6.5712,6.8098,8.982,10.0557,10.9001,9.327,11.2427,12.2106,11.8075,7.7264,7.8364,7.5792,8.2075,8.9549,12.1408,12.7393,8.3166,6.9311
E09645,8.4469,6.1007,6.9778,7.1519,6.3382,7.8187,7.0105,6.1404,6.6656,7.5499,8.8651,6.6433,8.1623,7.9031,10.7576,8.2706,7.5347,8.4997,8.1809,9.2139,7.8879,7.7651,6.8196,6.7454,8.5159,7.0938,8.9371,7.653,6.6454,7.7964,8.3401,7.0105,7.6503,6.97,5.7012,7.2376,7.9281,11.2592,5.8663,6.2506
E09647,8.3447,6.3695,6.9327,7.3678,8.6303,8.6949,7.0627,6.0397,6.9359,8.0107,10.6331,6.5589,7.4052,7.2629,10.7511,7.5265,8.6721,9.4844,8.7201,9.6923,8.7641,9.0065,6.9265,7.2133,11.1413,9.4031,9.9489,8.9396,9.1321,12.7111,12.1461,7.6428,7.4435,8.5454,5.7545,9.6413,12.2092,12.4725,8.013,6.552
E09649,8.4307,6.2414,7.022,7.0785,7.7895,8.4563,6.8711,6.4033,6.7404,7.8926,10.5337,6.8092,7.8979,7.2194,10.3389,7.8131,8.3783,8.8098,8.8037,9.5703,7.8186,8.0536,6.6824,6.7371,8.8075,10.3049,8.639,9.129,9.73,13.8429,11.3985,7.0336,7.1505,7.3328,7.7945,9.6669,13.301,12.9866,9.0905,6.955
E09654,8.5507,6.2942,6.9496,6.7866,7.9339,8.5294,7.0174,5.8673,6.6543,7.8774,10.4034,8.0308,7.9941,7.1415,9.9343,7.4487,8.4725,8.6283,8.5152,9.4246,7.7621,8.5675,6.9694,6.657,9.4162,11.092,9.2099,9.9076,9.7383,13.914,11.5559,7.4816,6.9857,7.1952,8.3183,9.9776,13.2066,12.9421,9.424,7.1951
E09656,9.3991,6.5315,6.9442,7.616,9.3533,8.8703,9.0265,5.8444,6.6915,8.6504,11.1766,7.7844,6.8751,8.3124,10.5635,8.2162,8.786,9.2833,7.9059,9.6224,8.7271,8.7166,6.7921,6.5952,11.2251,12.7858,10.8375,9.8383,9.4631,11.6045,10.1453,8.1368,8.0982,8.3646,5.0341,7.9549,11.5466,11.8727,7.8468,6.3662
E09661,7.8723,6.0022,7.5224,7.3467,7.4519,8.3832,6.7632,6.5558,6.7147,7.7186,9.9755,6.5481,7.6045,7.191,10.1516,7.4158,8.575,9.0785,7.9107,9.3716,8.6442,8.3087,6.7695,7.3447,9.0939,9.4404,8.9307,8.0398,8.8099,12.8839,8.7283,6.9346,7.0361,7.0981,5.8265,8.9571,11.7325,13.1875,8.4928,7.1453
E09664,8.5117,6.366,6.7737,6.8771,7.8506,8.0596,7.0425,6.1951,6.762,7.8669,10.1264,7.0082,7.3327,6.9434,10.1347,7.4747,8.1841,9.1623,7.9326,9.4482,8.5189,8.6437,6.9361,7.2043,8.9082,9.6109,8.9917,8.7625,7.8701,10.0126,8.3973,7.1647,7.429,7.7547,5.1348,8.5029,9.9146,12.493,7.7337,6.7607
E09670,8.3783,6.2268,7.3413,7.2744,6.6436,7.9578,6.9552,5.8609,6.9206,7.6768,9.1169,6.376,7.9773,7.7936,10.9059,8.1985,7.6441,9.0072,8.8861,9.8287,8.0668,8.0474,6.8793,7.4252,8.3698,9.0515,8.6214,8.0742,7.6224,9.6717,8.5398,6.8614,7.6427,7.143,5.2287,7.6941,10.8025,11.7623,7.4718,6.4138
E09673,9.0241,6.2814,6.9535,7.6246,7.7097,8.8534,6.8193,7.1405,6.9527,8.0267,10.1538,6.7821,7.054,7.6072,10.4381,7.4811,8.5528,8.675,7.7472,9.1266,8.1652,8.524,7.056,7.2492,9.9309,13.0859,9.8288,8.7313,10.2703,10.1669,8.4345,7.0188,7.8096,8.1428,5.8693,9.6887,10.8286,11.7665,8.375,6.7805
E09681,9.1168,6.6356,7.2088,7.185,7.8637,7.6231,7.3692,7.0803,6.7452,7.8757,10.4115,6.7357,7.2522,7.1426,10.7587,7.7135,8.4011,9.2153,7.7534,9.7592,8.4019,9.0951,7.0624,6.4598,10.8616,9.1453,10.2483,9.4527,7.2535,7.2604,8.4757,7.562,8.7057,9.0124,5.1576,7.0901,8.3239,10.3735,6.2736,6.5781
E09688,8.8216,6.012,7.4252,7.5181,7.3158,8.198,6.8918,6.402,6.6063,8.4529,9.7559,6.9127,7.9915,7.652,10.9265,8.1303,8.1089,9.9509,8.1195,9.6761,8.5797,8.1999,6.5758,6.5605,10.0803,8.7026,10.0476,7.7452,7.3784,9.1159,8.6695,7.1263,7.6853,7.8599,4.899,8.0029,9.5236,11.0722,6.871,6.305
E09690,10.3473,6.237,7.513,7.7027,8.8998,8.466,7.0726,7.0845,6.8979,8.5877,11.3054,6.8675,6.9471,7.9101,10.9521,7.3898,8.7813,9.2615,8.1926,9.2886,8.3735,8.9467,7.0232,6.5533,11.1047,10.4674,10.6848,8.9832,8.9791,8.895,10.4931,7.8675,8.2253,8.565,4.9951,8.0004,10.0364,11.3196,7.3904,6.5774
E09722,8.63,6.3503,7.1979,7.703,8.6996,8.5812,10.1612,6.842,6.6522,8.5119,14.178,6.647,6.677,7.6522,10.5019,7.2392,8.8662,9.538,8.4423,9.8929,9.586,9.8042,6.6455,6.6332,12.0575,11.168,11.5203,8.5635,7.8466,8.8609,8.6597,8.5391,8.5362,9.0518,5.045,6.7651,8.5089,10.166,7.4168,6.2835
E09730,8.4216,6.3814,7.6366,7.4951,7.8397,8.571,6.8959,6.4994,6.7825,8.2037,10.6339,6.3209,7.5162,7.5,9.8541,7.2451,8.5513,8.8251,7.7643,9.5324,8.7254,9.1353,6.7138,7.0354,9.6661,10.8528,10.0968,9.2277,9.2951,11.4587,10.7514,7.9743,7.4316,7.4038,7.7176,10.9588,13.3651,12.886,9.4482,7.2375
E09740,9.529,5.9575,8.2456,7.5325,9.2492,9.1278,6.5874,6.0516,6.8373,8.6646,10.8278,7.0802,7.14,7.7007,10.3667,7.07,8.8433,8.8269,7.7276,9.1277,8.8621,8.548,6.4239,6.6451,8.0411,9.7392,9.139,9.4036,9.0607,10.8373,9.397,7.6597,6.801,7.3525,9.3456,10.5092,13.2723,13.2167,9.1548,7.0691
E09744,8.2804,6.2687,7.4605,6.6037,8.7796,8.1971,9.6672,7.9229,6.7404,8.0823,10.9958,6.3828,8.8672,6.7153,9.3592,7.3051,9.0449,9.2513,7.5758,9.2039,9.0808,7.9797,6.717,6.1558,6.3284,10.4385,10.2543,9.1397,11.2685,13.9224,12.4134,7.8521,7.0488,6.7787,7.8239,11.7388,13.78,13.2558,9.7177,7.5812
E09759,10.0354,6.1441,7.1632,7.0731,7.8263,8.3299,6.8586,5.9578,6.7143,7.9513,10.1306,6.7173,7.8181,6.7928,9.9592,7.2649,8.7374,9.2531,8.0034,9.4386,8.0706,8.0965,6.8543,7.6275,8.323,9.9969,9.2576,8.5638,8.9351,14.0489,10.5842,6.9783,7.0761,6.9821,6.6319,9.714,12.975,13.0488,8.7506,7.1489
E09782,8.6614,6.1071,7.3806,6.983,8.7417,8.9585,6.8257,6.5072,6.6432,7.7177,10.7576,7.1246,7.5707,7.3718,9.5961,7.5659,9.5229,8.8437,8.0587,9.2371,8.5257,8.7243,6.8009,7.2974,9.9352,9.9321,9.5937,9.7971,8.6109,13.435,13.1514,8.0576,7.0781,7.1437,7.7004,9.7758,13.1003,13.4865,9.9317,7.0819
E09786,8.8182,6.2982,7.2878,7.6238,8.936,8.8357,6.8171,6.2787,6.8872,8.6802,10.3089,6.5193,7.0594,7.9014,10.4606,7.5208,8.8853,9.8046,7.8232,9.3386,8.8316,8.5497,6.6469,6.5074,9.9989,10.5018,10.4849,8.3236,9.6146,12.1764,11.5335,7.4491,7.961,8.8031,5.1075,8.8333,11.1032,12.2693,8.2025,6.7666
E09787,8.4181,6.342,6.9883,7.3629,7.7645,8.4199,7.0895,6.4348,6.8184,8.2058,10.0846,6.6783,8.0904,7.0581,10.0989,7.4693,8.4182,9.5141,7.8249,9.6768,8.0581,8.6471,6.7511,7.2241,10.1527,9.6513,9.4497,8.8669,8.3296,11.0623,9.2614,7.1175,7.1333,8.2241,5.0947,8.6731,11.7883,12.2847,8.3626,7.0542
E09791,10.878,6.2558,6.812,7.4038,8.1563,8.6729,6.9315,5.7124,6.6364,7.8267,10.5009,6.3766,6.9398,7.774,10.3745,7.2964,8.4881,9.2654,8.0409,9.1631,8.6077,8.5288,6.6203,6.7091,8.2196,12.0796,10.2799,9.4016,10.731,12.5526,11.7221,6.9807,8.0298,7.1585,5.643,9.0262,11.8482,13.1633,9.8826,7.1447
E09800,9.946,6.045,8.4822,7.254,8.7486,8.5324,6.6305,6.8241,6.7052,7.9604,10.8164,6.6615,7.3304,7.5361,10.1673,7.5632,9.2669,9.2634,8.1467,9.1055,8.5936,8.4844,6.7203,7.3372,7.9196,12.084,9.6885,9.2169,9.7439,13.5853,11.5855,7.5336,7.2009,7.149,8.7805,10.8636,13.6994,13.4116,8.9376,7.4023
E09801,9.9284,6.048,7.9157,7.3458,8.5808,8.7874,6.7789,6.3671,6.7537,8.715,11.408,6.3098,6.9811,6.9663,10.5554,7.0691,9.0714,9.9326,8.6545,8.8756,8.0508,9.4121,6.6644,7.8202,7.8544,11.7737,10.4328,8.0436,8.4279,9.3851,8.7412,7.0528,9.0556,7.069,5.0053,6.4604,11.0103,11.9064,7.9457,7.0527
E09802,8.7853,6.388,7.712,7.2867,6.2358,8.9775,6.8469,5.6905,6.8278,8.6255,11.384,6.6564,7.6518,7.6511,10.1993,7.6089,8.6921,9.1964,8.4513,9.1877,9.388,9.0256,6.638,5.742,10.6178,9.1498,10.2965,8.9626,11.02,11.0354,13.0019,8.4038,7.4298,7.1785,6.3287,7.4569,11.4758,12.0562,8.2206,6.8503
E09804,9.6672,6.1729,7.4642,7.3659,8.4777,8.2248,7.0316,6.0148,6.69,8.3644,10.7078,6.3255,7.0204,8.4279,11.1524,7.6852,8.7701,9.6767,8.1989,9.0442,8.6016,8.9499,6.7377,6.851,10.8078,8.2291,9.9359,9.1122,7.8403,6.1836,8.2838,7.1403,8.4628,9.1435,4.8931,6.9568,7.7228,9.6899,5.539,6.5841
E09810,9.4376,6.1058,7.2229,7.2513,8.4928,8.6951,6.7153,6.016,6.5824,8.396,10.5851,6.823,6.8501,8.2676,10.1449,7.5039,9.0287,9.7931,8.1515,9.59,8.7478,8.7185,6.8102,6.4018,9.6091,12.9921,9.6761,9.7375,9.3045,12.1468,11.2947,7.9919,8.1652,7.5802,7.9002,7.5068,11.7087,12.9613,8.936,7.1146
E09818,8.5753,6.1141,7.191,6.9457,6.8202,7.907,6.9563,7.2034,6.7473,7.6178,9.766,6.3409,7.7638,7.7973,10.7787,7.7012,7.8682,9.3639,7.6707,9.9002,8.1389,8.2821,6.8481,7.0625,9.5199,7.3955,9.9,8.448,7.161,7.5224,8.3615,6.849,8.0396,8.4739,4.9308,7.519,8.1727,10.6221,6.2024,6.1561
E09819,9.617,6.1174,7.5487,7.3631,8.4199,8.8999,6.9107,7.4771,6.5224,8.1462,11.0799,5.7372,7.1336,6.7218,10.046,7.5834,8.0171,10.5241,8.1257,9.4913,8.2709,9.8443,6.7267,7.3553,8.2259,12.8095,11.4024,9.062,8.2904,11.0028,8.6986,6.9048,8.4015,7.0147,4.7391,7.0248,10.9458,11.4404,8.8583,7.2747
E09826,10.2658,6.0081,7.1973,7.1908,7.8405,8.6697,8.6299,7.7479,7.7934,8.1162,12.7958,6.9544,7.3071,7.4468,10.4529,7.2634,8.1505,9.9055,8.0288,9.015,9.1062,8.2731,6.7741,6.6669,9.1053,11.3154,9.8632,9.1188,9.3267,11.7022,8.2386,7.3401,7.3716,7.4838,7.2045,7.1188,11.7914,11.9381,8.704,6.9441
E09832,10.2452,6.4593,6.7565,7.3485,8.3547,8.3494,6.9978,5.8857,6.9139,8.0337,10.4,7.001,7.6443,6.9456,9.7527,7.4152,8.6524,9.3513,7.9611,9.6317,7.972,8.6074,6.9497,6.8122,9.6411,10.5274,10.0629,9.4949,9.1887,13.619,12.7827,7.4044,7.8254,7.3621,6.976,9.4232,12.3599,12.371,8.9858,6.9168
E09833,10.4816,6.2851,6.4647,7.3054,8.9601,8.4514,6.9761,5.9192,6.7998,8.2949,10.8027,7.1108,7.3368,6.7297,9.691,7.4178,8.9336,9.7109,8.1479,9.6076,8.3752,8.9538,6.9349,7.0238,10.1902,10.9705,10.6985,9.9203,9.8023,13.8421,13.0914,7.5994,7.7405,7.5866,7.4532,10.1355,12.5713,12.7397,9.2561,6.9884
E09846,8.8164,6.1091,6.5718,7.2518,6.598,7.7197,7.5938,6.3423,6.9072,7.6933,9.493,6.6088,7.4848,7.2586,10.4034,7.4737,7.6979,9.0022,7.6561,9.95,7.5157,7.8609,7.0349,7.4565,8.4197,8.3654,8.749,8.2258,7.2808,9.9989,8.6328,7.2655,7.8765,7.4897,5.5972,6.5069,9.4361,11.2421,6.5659,6.5815
E09847,9.1569,6.1034,6.9728,7.1996,8.9215,8.1775,6.8466,6.0254,6.798,8.252,10.2768,6.6164,7.4971,7.3226,10.82,7.525,8.9687,9.9563,8.2755,9.6826,8.563,8.6034,6.8247,6.6544,9.4881,9.5638,10.2862,9.3658,8.9333,12.8701,11.5394,6.9615,7.7593,7.954,5.0005,8.9514,12.2896,12.5229,8.5518,6.9549
E09852,8.5668,6.1127,6.5196,7.065,7.402,8.2351,7.0536,6.6289,8.0899,7.504,13.0277,6.6172,7.2041,6.5329,11.1728,7.7883,7.8767,9.312,8.5394,10.0171,8.2832,8.4307,6.8092,6.8909,8.0224,8.5983,9.4216,8.9694,6.7858,9.1511,8.3418,6.8489,7.9036,7.3551,4.9847,7.0994,9.8659,10.7957,6.8043,6.3369
E09855,7.9158,6.2366,7.4951,7.1288,8.339,8.7038,6.9578,5.6196,6.554,7.7387,10.844,6.4461,9.0826,7.7295,10.35,7.7291,9.1639,9.6121,7.6036,8.9831,8.6738,8.4128,6.7171,7.1345,10.7079,9.2839,10.0749,9.0922,8.059,10.9978,9.0473,9.1291,7.9207,8.4454,5.209,7.6723,11.1396,12.9259,7.5675,6.3695
E09858,8.5787,6.2263,6.9845,7.2058,6.5224,7.8484,6.9376,6.0923,6.5311,7.7911,8.8724,6.1387,7.9968,7.8043,10.7119,8.1547,7.4277,9.1504,7.9474,9.6751,7.6877,7.7511,6.8619,6.889,7.876,8.3708,8.5592,7.9685,7.2176,8.7464,8.6642,7.0988,7.7703,7.1221,5.5221,7.3903,9.0026,11.5019,6.574,6.2963
E09860,9.0189,6.3191,7.6806,7.5744,8.6689,8.0827,7.0599,6.9085,6.7795,8.4304,10.8085,6.2128,6.7163,7.7989,10.9428,7.5128,8.7942,9.8827,8.8981,9.0751,8.5393,9.398,6.7311,6.2588,11.5541,11.1319,10.6266,9.1051,8.3646,7.1059,8.3834,6.6404,8.3756,9.4519,4.6546,8.0589,8.2429,10.7035,6.4826,6.3452
E09867,9.6079,5.8786,7.3043,7.1278,8.1243,8.0375,6.8116,6.0953,6.5634,8.4475,10.6846,6.3064,6.8487,8.1768,10.1256,7.5964,9.0138,8.2825,8.3351,8.8291,8.8471,9.4167,6.7906,6.0792,10.854,9.1306,9.6832,8.9037,6.4559,6.6612,8.2544,6.987,8.8777,9.2303,5.1296,6.5925,8.096,9.4141,6.272,6.3106
E09892,8.9286,6.2889,6.9628,7.4311,8.3782,8.2431,6.846,7.0849,6.5509,8.4769,10.3826,6.1394,6.6803,7.6692,10.1047,7.3874,8.8022,10.0629,7.564,9.6848,8.7313,8.8891,6.7202,6.5448,11.0635,10.7488,10.9989,9.0693,8.7903,8.7053,7.964,7.2273,8.3737,8.7613,4.7568,8.1656,8.871,11.6646,7.353,7.0138
E09893,8.4662,6.2038,7.2044,7.3924,7.8152,7.9922,7.1242,6.0122,6.7948,8.4557,10.9884,5.6792,7.0413,7.9161,9.4093,7.112,8.071,8.0962,7.7501,8.968,7.96,8.6459,7.2616,6.565,10.2585,10.3263,9.8562,8.7004,8.2787,6.8983,10.5537,8.3276,8.621,7.873,6.5933,8.6239,10.1301,11.2906,6.6868,6.6085
E09907,8.4478,6.1943,7.8821,7.2849,8.5967,8.7959,8.1734,8.2457,6.5779,8.1608,11.0277,6.6227,7.8055,8.169,10.1968,7.3506,9.1203,9.3203,7.1056,9.5576,8.8938,8.3822,6.7414,6.4177,10.0303,12.818,9.8385,9.1942,10.447,12.8943,12.0548,8.2075,7.6646,7.8105,6.0483,10.9114,12.1507,12.613,8.5151,6.7545
E09917,8.183,6.4477,6.668,6.8122,9.2629,7.9201,6.8844,6.8735,6.9453,7.952,11.7003,6.4985,6.8575,6.4074,8.6023,6.6185,9.6233,9.8483,7.2247,10.0231,7.6653,9.4941,6.8332,7.8545,10.5848,10.735,10.526,9.5914,8.717,12.117,10.4866,8.258,7.7281,8.32,8.1932,10.055,13.9485,13.7654,7.513,7.2816
E09920,8.1542,6.3255,7.4193,7.3718,8.9491,8.6753,6.6885,5.6913,6.6082,8.11,10.8486,6.3413,9.145,7.807,10.2202,7.5161,9.1013,9.6629,7.6865,9.6811,8.3776,8.5314,6.6692,7.1108,10.5966,9.1661,9.7951,8.9355,8.1539,10.9115,9.2327,9.1744,8.174,8.6291,5.2403,7.61,11.1724,12.2939,7.6156,6.3871
E09921,8.1682,6.0174,7.0027,7.0258,6.682,7.9234,7.2145,6.2449,6.6916,7.5196,9.2719,6.4287,7.5746,7.553,10.6015,8.0288,7.6643,9.1382,8.3201,10.0122,8.022,7.8902,6.681,7.1039,9.3555,8.6536,8.7279,7.9343,7.2409,10.3159,7.6924,6.7685,7.5649,7.0269,4.9836,8.8058,9.5473,11.7641,7.0153,6.0116
E09930,8.0999,6.0275,7.4624,6.8157,7.0659,7.7265,6.845,6.4571,6.6033,7.4921,9.39,6.3086,7.4002,7.4594,10.8729,7.7874,8.2089,9.1451,8.6298,10.0329,8.033,7.8806,6.8557,7.0666,7.3177,9.593,8.7489,8.4572,7.6774,11.2898,8.6708,6.8984,7.2363,6.988,5.5263,8.8957,12.7424,12.2313,8.2834,6.8209
E09938,8.3615,6.7081,7.7895,7.1824,8.1693,7.9905,9.0016,6.5974,6.6754,7.7041,10.176,6.8591,8.0872,6.9982,9.015,7.5218,8.698,8.2981,7.4752,9.2437,8.5947,7.9352,6.8284,6.5982,7.0254,8.0059,8.1502,7.7088,9.8838,12.0315,10.6656,8.2053,6.9388,7.1781,9.0327,12.0437,13.272,13.2047,8.8446,7.1981
E09951,10.1302,6.2335,7.3036,7.5852,9.4868,8.8574,6.8661,5.7501,6.8164,8.3298,11.0405,6.9186,7.0276,6.958,9.4194,7.2388,9.3615,9.805,7.8041,9.6297,8.7276,9.4305,6.8003,6.821,9.9512,11.5889,10.7786,9.7324,9.3916,13.3461,12.4156,8.6445,7.7266,7.5271,8.4919,9.3756,13.2509,13.0207,8.934,7.1843
E09956,8.0636,6.0883,7.1275,7.0962,7.1588,8.1003,6.9258,5.993,6.757,7.8515,9.5344,6.4833,7.8209,7.531,10.8627,7.907,7.8881,9.3064,8.1035,9.628,8.5901,8.4804,6.7505,7.1739,9.8912,8.7837,8.4886,7.8382,7.0975,7.8587,8.2351,6.678,7.6115,7.1617,4.8025,8.1732,8.7266,11.1183,5.9249,6.5807
E09959,9.4976,6.1954,7.0026,7.352,7.7467,8.5551,7.0732,7.3883,6.66,8.0078,11.0586,6.325,6.8297,7.8242,10.551,7.0791,8.7953,9.6483,7.6755,9.8451,9.046,9.2219,6.6269,6.692,11.579,8.9211,10.344,9.6481,7.8042,11.0983,10.1436,7.9873,8.6515,9.5462,4.8315,7.6155,10.4797,11.8245,7.2123,6.0489
E09966,11.461,6.1312,6.8084,7.5393,8.9669,8.8042,6.8897,5.75,6.8556,8.3032,11.0753,7.6491,6.5142,7.9003,11.3295,7.5076,9.412,9.8217,8.2175,9.7293,9.0135,9.4391,6.897,6.8183,11.0742,12.2164,10.8774,9.5041,8.4792,12.0706,8.2001,8.1242,8.2385,7.8319,7.9822,7.7851,12.1605,11.8493,7.9734,7.17
E09967,8.0602,6.1409,7.0554,6.5101,9.4874,8.9076,6.7853,6.2422,6.7789,8.112,11.1594,6.9384,8.0992,7.0784,9.901,7.3255,9.256,9.3115,8.1998,9.5987,8.9551,8.5608,6.8935,6.9679,10.3094,11.2758,9.9688,9.8453,10.3106,13.6489,11.4186,8.3238,7.1675,7.7145,8.0931,10.8869,13.4685,12.6054,8.7459,7.0313
E09988,8.5939,6.4789,7.69,7.5862,9.5358,7.6139,10.2358,8.0901,6.8492,8.5775,11.7198,6.3269,6.7166,7.2173,10.0615,6.9674,7.9052,9.902,7.2554,9.5671,9.4505,9.5362,6.6177,7.0003,11.6636,9.622,10.8192,9.8813,8.7192,10.367,11.4715,9.894,8.3494,8.3885,4.7075,7.5622,10.4178,11.5606,7.5311,6.2802
E09997,8.3164,6.1795,6.6744,6.8117,6.1743,7.5442,7.393,6.2804,6.701,7.3514,8.9518,6.4612,7.187,7.972,10.8822,8.252,7.4779,9.489,8.4147,9.954,7.7105,7.4877,6.7226,6.7578,7.6969,7.393,8.1122,7.9949,6.9533,9.2556,8.5918,6.7402,7.6431,7.1006,5.1485,7.2858,9.0821,11.9037,6.5027,6.1862
E10001,8.3367,6.1149,7.293,7.3675,7.9061,7.9486,8.7564,7.2263,6.547,7.8525,11.5124,6.2838,6.4487,7.4515,8.8872,7.3603,8.3528,10.2558,7.6235,9.6245,9.3671,8.4744,6.733,7.5403,8.6024,11.5533,10.3958,9.3981,8.4098,6.7548,9.4992,10.4895,7.1429,7.5842,4.6662,7.4212,8.6164,12.5013,7.39,5.9415
E10002,8.0114,6.1675,6.7499,6.8401,7.3724,8.4771,6.781,5.8098,6.677,7.905,11.0209,6.3891,7.2956,6.7123,9.8506,7.3806,9.4522,9.8643,8.3017,9.9337,9.0466,8.9474,6.8278,6.4676,9.1388,11.5282,10.0278,9.8477,9.6676,13.2624,11.9331,8.2715,7.6849,8.4862,7.5702,10.417,12.9801,12.6714,9.0908,7.1035
E10013,10.1918,6.1409,7.1362,7.433,8.8254,8.213,6.7486,5.8127,6.6271,10.4723,10.7096,6.8656,7.238,7.1849,10.462,7.3035,9.7931,10.1939,8.0328,9.7297,9.0004,9.637,6.6913,6.7663,10.2106,10.6798,10.4086,9.3743,8.8558,12.5583,12.0155,8.7718,7.8132,8.1411,4.8073,8.4347,12.1896,12.9209,7.8966,6.6209
E10016,9.0123,6.2482,7.2037,6.939,8.1534,8.2872,6.9714,6.8162,6.682,8.0296,10.2592,6.6163,7.5199,6.9254,9.1347,7.1531,8.8352,9.7891,7.6644,9.6402,8.3986,8.072,6.7014,7.2952,8.9456,10.4282,9.7575,9.1112,9.1597,13.7337,10.3413,7.0545,6.6664,6.8899,7.4498,11.1671,13.7882,13.4668,9.452,6.9371
E10026,9.0225,6.3837,6.542,7.4557,8.5317,8.1802,6.9566,5.7742,6.7791,7.9475,10.501,6.2608,7.7189,6.6574,9.8168,6.8805,8.7187,10.5299,7.5878,9.6239,7.5922,8.9477,6.6871,6.9991,6.828,12.3313,11.0898,9.1499,9.3289,11.9748,9.8416,7.008,8.0987,7.6044,4.9838,8.74,11.2889,12.5429,9.0432,7.1999
E10031,7.6046,6.2405,7.4986,7.1813,8.9305,7.9364,7.4813,6.3729,9.794,7.9871,13.9204,7.2552,7.4064,6.8286,9.9168,6.8869,8.8062,9.6262,8.7766,9.8722,9.2556,9.3106,6.9788,6.4999,6.2698,10.5266,10.3905,9.3471,9.1217,11.6283,9.2539,7.7071,7.0901,7.0239,5.4494,8.7045,12.1168,12.4552,8.7169,6.9465
E10041,8.3883,6.2298,7.2465,7.4413,7.7556,8.5686,6.9928,7.7953,6.5276,8.0965,11.108,6.9445,11.3893,6.9198,9.3754,7.1462,9.0706,9.6693,7.687,9.6451,8.6057,8.6664,6.6766,6.5129,7.9637,10.3968,10.9859,9.765,10.229,13.4351,10.8308,7.0388,6.9853,7.0452,5.6429,10.3329,12.809,13.3144,9.9237,6.9506
E10072,8.6857,6.3675,7.3938,6.9584,7.4086,7.7272,6.8131,6.4247,6.3012,7.5964,10.0115,6.1433,6.766,7.008,10.0744,7.7683,8.4841,10.0694,8.0333,9.164,7.9341,8.4652,6.5717,6.5296,8.4873,10.1429,9.951,8.666,6.9,7.7357,7.9778,7.0218,8.3273,7.927,5.0533,7.0743,8.5398,10.9843,5.9477,6.1733
E10077,8.2503,6.2201,7.2308,6.9547,8.2816,7.8812,7.0891,6.205,7.0216,7.8,10.7536,6.8051,7.5328,6.5527,9.4268,7.4065,9.2229,10.0588,7.1161,9.5534,8.4254,8.4408,6.5913,7.2167,7.9612,10.7261,9.8198,9.1017,8.7636,13.8267,10.7844,6.8809,7.4654,7.0512,5.6589,10.6237,13.0792,13.1564,8.752,7.1181
E10097,8.3678,6.197,7.9357,7.2531,8.1095,7.4077,7.0658,6.5327,6.4041,7.9695,10.5529,6.6559,7.1786,8.0488,10.3126,7.645,8.9941,8.225,8.7364,8.9703,8.1973,8.7307,6.807,5.946,10.1945,7.8308,10.457,8.3797,6.3475,8.4687,8.2342,7.4942,8.1765,8.6572,5.0393,7.6385,10.4268,10.0468,6.258,6.3346
E10102,9.8182,6.3084,6.9946,7.4948,8.7514,8.761,6.8256,5.8221,6.626,8.1978,10.66,6.2179,7.304,7.484,9.4164,7.3215,8.9567,9.9867,7.7184,9.7702,8.2128,8.528,6.7036,6.0619,7.3441,12.202,10.9068,9.3828,10.7053,13.7782,12.724,6.9553,7.28,6.9732,7.9349,10.0574,12.7747,13.1849,9.6731,7.0444
E10103,8.4732,6.4453,7.0609,7.1846,7.373,7.2711,6.8063,6.5437,6.6472,7.9053,10.0871,6.1794,7.652,6.1278,9.2306,7.5651,8.7868,9.2805,7.1583,9.264,8.0207,7.8657,6.9708,6.6671,7.0819,10.6883,9.5167,8.9328,8.0186,13.3945,8.8509,7.2882,7.5524,7.1462,5.4988,8.5664,12.0479,12.9067,9.6639,6.505
E10110,8.2391,7.5851,6.8627,7.6896,9.0678,7.8093,10.6467,6.9023,6.786,9.0435,13.861,5.9471,7.6822,7.2543,7.7754,6.7802,8.1968,10.0521,8.3324,10.0089,9.4453,10.1899,6.7351,6.8575,10.4687,10.8204,11.0712,8.6126,8.8826,8.3591,12.0444,9.0439,8.2279,8.0835,5.1469,8.7398,9.7095,10.7228,8.5133,6.3827
E10138,9.3788,6.2842,6.993,7.6558,8.6399,8.4234,7.2336,7.6115,6.7719,8.5268,10.8201,6.6219,6.7781,7.6584,10.042,7.6944,8.6932,9.7804,8.0199,9.4826,8.4253,8.8009,6.7469,6.8533,11.0729,12.9008,11.4525,9.4424,9.8687,7.2809,8.7342,7.2676,8.4819,9.0982,5.0398,7.1756,9.1401,10.3048,7.8607,6.6311
E10144,9.5186,6.1666,6.9903,7.1101,7.0872,7.7966,6.9314,5.9604,6.7048,7.9461,9.4366,6.5231,7.8325,7.6679,10.3288,7.822,8.0615,9.4393,7.8695,9.6899,8.1119,8.046,6.7336,7.2989,9.1314,9.698,9.6904,8.4011,7.2639,12.1053,9.7623,7.1129,7.8803,7.2816,6.3897,8.8339,11.0636,12.1181,7.4095,6.503
E10158,8.5308,6.1964,7.2589,7.3007,8.5521,8.6894,6.9681,7.923,6.5743,8.6889,10.7528,6.2692,6.8295,8.1589,10.6351,7.4202,9.3528,9.1239,7.5042,9.7574,9.0032,8.6862,6.6846,6.5177,10.4045,13.0654,11.1162,8.6958,9.4221,7.8766,8.3155,7.4156,8.6162,8.7183,5.0738,7.7029,10.3318,11.4636,8.4501,7.0029
E10184,8.1877,6.0244,7.1548,7.1189,6.8472,7.6293,6.9301,6.1817,6.7332,7.6834,9.2749,5.8497,7.906,7.1408,9.8038,7.6104,7.9525,9.5794,7.9382,9.8015,7.954,7.7533,6.7433,7.0928,7.6687,8.6157,9.344,8.1347,7.2651,11.9012,8.7658,6.8702,7.6164,7.1584,5.1094,8.1272,10.8457,12.0803,7.2919,6.5185
E10211,7.9264,6.0503,6.9813,7.3365,6.8397,7.5813,6.8605,5.9283,6.6924,7.7441,9.0507,6.3501,8.0341,7.3836,10.4816,7.9117,7.785,9.5749,8.0381,10.2273,7.9884,7.8901,6.7318,6.9278,8.3123,8.2325,9.3314,7.8798,7.2832,11.2037,7.8855,6.9601,7.5477,7.1277,4.8849,6.7783,10.6034,11.628,6.8113,6.3911
E10226,8.18,6.2373,7.729,7.1292,6.9572,7.0396,9.1558,7.1461,6.6198,8.0297,10.7314,6.6809,7.4263,7.3195,10.5961,7.178,8.771,9.2765,8.2894,9.2355,9.0169,8.4987,6.6046,6.5441,9.4837,10.2764,10.7628,8.6975,8.6375,12.9473,11.4273,7.8713,7.2386,7.8558,4.9086,9.6551,11.8382,11.9753,8.4692,7.0142
E10227,9.8199,6.1645,7.6623,6.8983,8.6442,8.5057,6.5548,5.5689,6.3943,8.101,11.4488,6.4626,7.2869,6.7635,9.7408,7.5789,9.9351,10.0166,8.079,9.5622,8.5158,8.632,6.4923,6.8601,8.7172,11.4767,9.9933,9.2925,9.1466,13.7999,9.853,8.0325,7.6137,7.8743,5.0485,7.9615,12.8546,13.3022,8.8777,7.1128
E10252,8.5652,6.1974,6.5331,7.3572,6.7337,7.1548,7.1352,6.0753,6.6703,7.7334,10.1816,6.3754,8.2462,7.3044,10.3491,7.704,7.5952,9.5143,7.5799,10.3332,7.624,7.7217,6.9394,7.3087,8.6034,7.8789,9.1765,8.3898,7.045,9.1054,9.0769,6.9786,7.99,7.2858,5.3142,7.0724,9.2145,11.5193,6.4949,6.6862
E10258,8.3897,6.0942,6.7497,7.0647,7.0433,7.7309,6.9804,6.0207,6.6627,7.9824,9.5689,6.4599,7.6978,7.3486,10.403,7.7427,8.0774,9.8281,7.8359,10.1906,7.9812,8.092,6.7505,7.3243,8.7098,9.2499,9.2513,8.2407,7.8824,11.7125,8.3794,6.7405,7.5716,7.1723,5.0949,6.5901,10.7979,12.2702,7.8487,6.4118
E10262,7.7064,6.5349,7.7568,7.2495,9.1406,8.6847,6.6637,5.5368,6.5381,7.6185,11.391,6.7761,10.9934,7.7521,9.4753,7.1701,9.8508,9.5587,7.3109,9.6562,9.0203,9.5485,6.6187,6.0452,10.694,8.9713,10.458,8.6143,7.6324,12.2215,8.5417,9.6949,7.7143,7.5473,7.6408,7.9548,11.9412,11.8133,8.1874,7.0039
E10267,9.9411,6.3056,7.4326,7.1018,8.9849,8.5046,6.6122,5.4909,7.9631,8.1855,10.6389,7.2288,7.2545,7.853,9.9431,7.5036,9.6662,9.0787,8.1042,9.9908,8.7231,8.7942,6.9707,6.1452,8.938,11.877,10.537,9.4076,9.4626,13.463,13.3233,7.8535,7.7376,7.8218,5.8439,9.0302,12.1783,13.0204,9.7972,6.9539
E10271,8.6963,6.5796,6.5595,7.3212,9.4086,8.5945,6.9209,5.7969,6.8336,8.6742,11.3726,6.6223,7.372,6.5484,9.6492,7.3022,9.5563,10.2791,7.8013,10.0374,8.0151,9.149,6.9963,6.5253,8.3802,11.7938,11.1549,9.5885,10.3886,12.795,12.5907,8.6804,7.747,7.8694,5.0182,9.7341,12.5194,12.6322,9.241,6.9309
E10284,9.3009,6.2768,6.8695,7.397,8.2598,8.4938,7.0359,5.841,7.0614,8.3759,10.8269,6.9388,7.0919,7.3565,9.6517,7.1747,9.306,9.7454,7.6771,9.8315,8.2728,8.6,6.8712,6.5008,8.7891,12.0607,10.8117,9.6128,10.1558,13.6869,13.0734,7.9564,7.2283,7.1179,6.895,10.4867,13.7398,13.6587,9.135,6.9316
E10290,8.2641,6.4998,7.6035,7.3512,7.245,7.8722,6.7257,5.879,6.5887,8.265,10.674,6.4581,7.5028,6.898,10.054,7.1818,8.9388,8.9301,7.9554,9.7635,8.6836,8.5524,6.8419,6.4088,8.3304,10.8539,10.3977,9.2288,9.0991,13.2023,12.0987,7.7616,7.2016,7.3071,8.5764,10.5042,13.5826,13.6015,8.9793,7.0323
E10292,7.4807,6.3794,7.7628,7.5311,9.4144,8.778,9.5717,8.809,6.8929,8.8238,11.8177,7.6952,6.8631,8.0552,8.3717,6.5126,9.5743,9.4675,7.4106,9.8219,9.7178,8.932,6.7993,6.5639,9.9141,9.9787,10.7297,9.8485,8.1307,12.4006,11.265,7.3795,6.8177,7.2124,8.7238,10.5105,13.3862,12.7802,8.4579,7.1912
E10299,8.5196,6.4245,7.9184,7.6064,9.4216,8.767,9.2701,7.9832,6.6485,8.3691,10.4168,7.2303,7.6573,7.0089,9.2011,7.1758,9.4958,9.4519,7.1034,9.997,9.0664,9.0772,6.806,6.3942,10.51,8.972,11.3247,9.3542,10.2789,10.9402,10.2972,9.0869,7.713,8.4829,5.0035,9.6395,10.7063,11.1911,8.9736,6.7786
E10300,8.135,6.4059,7.3944,6.6711,8.1094,7.859,6.8002,6.3893,6.8639,7.4286,11.2011,6.5198,7.4085,6.7618,8.7638,7.2991,9.3751,9.5153,7.2777,9.78,8.6758,8.4941,7.1188,6.9762,6.14,11.4569,9.5691,9.5859,8.9278,14.0175,11.7829,7.047,7.4415,7.0635,7.1059,10.4769,13.5781,13.4284,10.9096,7.1419
E10305,9.2592,6.1256,6.9046,6.802,7.7505,8.0445,7.0285,6.3557,6.7132,8.0359,10.6431,6.6781,7.1755,6.9527,8.2709,7.4562,9.1514,9.535,7.3568,9.946,8.6643,8.1938,7.0159,7.2557,7.8144,10.89,9.8898,9.8526,8.7875,13.7459,11.7425,6.7667,7.4041,6.768,6.0221,10.0021,13.422,13.0227,9.3437,7.1616
E10312,8.8904,6.0747,7.2596,7.308,8.2395,8.2672,7.4746,6.4007,6.6984,8.009,9.9981,6.5317,7.8207,7.3875,10.182,7.593,8.6925,9.636,8.0757,9.7268,8.4227,7.9712,6.7722,6.5835,8.4765,8.4521,9.8557,8.6115,7.9809,12.3268,8.9557,7.6308,7.3888,7.8055,5.2026,8.5683,11.3596,11.9774,7.7733,6.8272
E10313,8.1173,6.1852,7.4507,6.7465,9.1123,8.5559,6.9492,6.0263,6.9993,8.0996,11.1479,6.9242,8.0432,6.6895,9.1979,6.8433,8.5544,9.5776,7.543,9.5425,8.3151,8.6396,7.0104,7.5324,7.1529,11.9364,10.4783,9.7108,11.1011,13.7282,11.8391,8.1994,6.8102,7.1371,8.8668,12.0032,14.0619,13.5803,9.3881,7.1715
E10433,8.0693,6.0783,7.7431,7.0127,7.2531,8.597,6.5623,6.2503,6.6896,7.9376,10.0444,6.3838,7.4404,6.9947,10.1382,7.646,8.812,9.4567,7.9272,9.2913,8.6105,8.1533,6.4795,7.5544,9.1186,10.3164,9.2311,8.3563,8.4276,12.947,8.2025,6.7455,6.9354,6.8784,5.3625,9.8739,12.097,12.9232,9.1301,7.0833
E10444,10.7438,6.423,6.8089,7.7145,9.7554,8.9498,6.8507,5.9061,6.841,10.6565,11.2059,7.6926,6.3049,7.0807,9.7188,7.612,9.7663,9.7349,7.8742,10.3924,8.9804,9.4447,7.0371,7.4043,10.3798,12.7512,11.3354,10.1957,9.9488,13.4248,12.7007,8.5185,7.7882,8.3441,8.6101,8.3262,12.6496,13.4029,9.3206,6.8739
E10462,8.8897,6.1563,7.4215,7.0491,8.2395,8.5698,6.7923,6.6861,6.778,7.6859,10.128,6.2374,7.659,7.1276,10.0496,7.4264,8.4922,9.1959,7.7846,9.6656,8.2841,7.8789,6.7663,7.0507,8.8636,9.1874,9.5236,8.8238,9.105,13.5872,10.737,6.9841,7.0882,7.1438,5.7652,10.0456,12.6431,12.8435,10.0521,7.0227
E10483,9.1987,6.3407,6.9526,7.5347,8.7899,8.9345,6.8337,5.7988,6.7633,8.0579,11.0797,6.4303,6.8866,7.6335,9.1529,7.5684,8.6983,9.3521,7.04,9.1328,8.8679,8.8931,6.823,7.1128,10.2787,13.1904,11.1465,8.83,10.3706,8.0047,9.5757,7.7674,9.1273,7.4611,4.9847,8.7515,9.4181,10.8301,7.6714,7.108
E10488,8.3785,6.6565,7.5671,6.9251,8.2859,8.1716,6.6215,5.5264,6.4794,7.9297,10.8027,6.6873,7.6958,7.1906,9.2983,6.9764,8.7512,8.9065,7.7852,8.9109,8.3197,8.5293,6.7885,7.0092,5.8131,7.5922,7.9006,8.8047,8.7455,11.1613,8.8659,8.48,6.9928,6.9283,9.5364,10.2092,13.644,14.0037,10.2999,7.4502
E10514,7.252,6.3444,7.9143,6.8126,7.3955,8.0759,7.3713,6.3022,6.483,7.5576,10.1354,6.5844,7.3609,6.0656,9.0251,7.7289,8.4651,9.8528,7.1448,9.6027,8.7367,8.326,7.4972,8.403,8.6718,10.0753,8.7707,8.8385,7.8621,13.4308,7.4624,7.4,6.7234,7.1071,4.8878,7.8495,12.5451,12.6891,8.9802,6.3497
E10551,7.9799,6.8313,6.9038,6.8826,8.2505,7.9143,10.5045,6.8341,8.0895,7.6841,14.1431,6.6786,7.3853,7.3094,8.1022,7.366,9.1159,9.8615,7.4189,9.2766,8.9907,8.1329,6.9013,6.7842,7.3298,9.8525,8.6504,9.0435,7.8866,13.0423,9.1842,8.3853,6.7495,7.3432,5.8652,9.9217,13.5828,13.2728,8.4768,7.3936
E50057,9.0478,6.239,6.9403,7.0799,6.6231,7.4719,7.3103,6.0554,7.2249,7.6071,9.3409,6.5591,7.9525,7.4512,10.2359,7.6725,7.7779,9.2552,7.7624,10.2704,7.8401,7.876,6.8791,7.4574,7.8436,8.4884,9.0274,8.3185,7.3533,11.8854,8.5056,6.9784,8.0961,7.4978,5.4029,7.0732,11.0885,11.6299,7.0371,6.2408
E50074,9.0599,6.1279,6.018,7.387,8.3635,8.1788,7.0653,6.5201,7.0105,8.4794,10.5665,6.6101,7.9846,6.9088,9.7811,7.2679,9.118,9.4667,7.3651,10.1277,8.9644,8.7064,6.8486,6.4005,8.6154,9.9051,10.7923,9.1794,9.6418,13.504,13.1426,7.5097,7.4222,7.1645,5.073,11.947,12.9601,12.8219,9.3781,6.8818
E50091,8.4357,6.4857,7.2762,7.3251,8.0324,7.2633,10.9265,8.8765,6.5881,8.4133,11.4243,6.5676,7.2727,6.7137,9.7283,7.2061,9.0604,10.049,6.4419,9.8914,8.9063,9.0267,6.7566,6.9378,10.7233,11.9022,11.3869,9.3767,9.0909,11.9577,11.1146,8.5149,8.0128,7.8195,4.919,8.8623,11.5151,12.4586,8.4603,6.9254
E50123,9.1729,6.4887,8.1926,7.4781,8.1008,7.5844,8.7084,7.2018,6.623,8.2213,11.6168,6.3894,7.0681,6.9952,9.1719,6.9082,10.1271,10.4593,7.3198,9.5573,8.8193,8.6211,6.5982,6.1469,6.2205,9.4696,10.8398,9.1783,8.7456,12.5032,12.3302,9.51,7.0892,7.1142,5.4999,8.8749,11.8079,11.8528,10.1156,7.1083
HF0017,9.6269,6.2151,6.8586,7.0081,7.6759,8.2091,7.0943,7.4847,6.7031,8.3285,9.9355,6.6203,7.6665,8.1036,11.062,7.8745,8.1135,9.2348,7.2083,8.9953,8.4179,8.5733,6.7333,6.2443,10.331,10.2839,9.5664,8.8305,8.2467,6.1377,8.343,7.2064,8.7863,7.9862,5.4996,8.405,10.2471,9.6985,7.0055,6.4963
HF0022,9.1174,6.3558,7.1426,7.3384,7.5524,8.1399,6.9175,6.2158,6.8542,7.9165,10.11,6.839,7.4804,7.4714,10.8433,7.953,8.1155,9.1464,8.9866,9.2915,8.0792,8.5265,6.6696,6.3246,10.5561,8.8175,8.6915,8.6929,7.7041,6.3537,8.62,7.2823,8.1412,8.598,5.3007,7.3374,8.1405,10.7794,6.2667,6.3828
HF0024,8.9401,6.1823,6.5295,7.4299,8.9097,8.0962,8.0524,7.0285,6.7015,8.145,10.5717,6.6021,7.7163,7.224,9.781,7.6053,8.5271,9.4914,8.6963,9.4485,8.3732,8.3459,6.716,6.3743,8.6686,10.433,8.9401,9.282,9.7467,13.0475,11.2197,7.6644,7.4426,7.2472,5.2579,10.5441,12.3515,12.2192,9.0616,7.1661
HF0026,9.1048,6.2148,6.8032,7.3117,7.1866,8.1316,6.8928,6.7106,6.6248,8.2602,9.9,6.4189,7.1776,8.1288,11.0629,7.8441,8.154,9.1713,8.8304,9.4047,8.5262,8.1243,6.6296,6.4852,9.6972,9.86,8.5888,8.4608,7.9495,7.2632,8.5117,7.1692,8.2328,8.4728,5.3027,7.8901,8.7552,10.8674,6.6277,6.2965
HF0031,11.105,6.211,8.0653,7.5308,9.4909,9.2736,6.7967,5.8284,6.9637,8.1958,10.7599,7.6058,7.6028,8.0291,10.2061,7.769,8.8486,9.2744,8.4121,9.3788,8.9257,8.5588,6.8388,6.7128,9.4158,11.9686,9.8676,9.6557,10.7241,13.8072,12.5094,7.6599,7.4144,7.4598,7.5887,11.0117,13.3571,12.9893,9.2476,7.2092
HF0048,9.1211,6.1399,7.127,7.2386,7.3221,8.359,6.998,7.6267,6.8034,8.1616,10.0094,6.236,7.1553,7.449,10.4279,7.4548,7.7717,9.3304,7.2308,9.2445,7.8337,8.2882,6.5666,6.7887,8.807,10.4329,9.4447,8.6469,8.1412,9.2536,8.5863,7.3638,8.256,7.5094,5.7105,8.5844,9.7607,11.3096,7.6905,6.9123
HF0050,10.3776,6.0669,7.6982,7.6846,7.9179,8.722,6.6939,6.9752,6.6627,8.1745,9.868,7.1345,7.7957,7.2807,10.1172,7.6891,8.5144,8.8528,8.6031,9.1362,7.9828,7.9571,6.6569,7.0277,9.2677,10.2806,8.4711,8.6873,9.3039,13.3111,9.9884,7.2231,6.9768,7.0864,6.065,10.1925,12.6975,12.415,8.6126,7.0986
HF0066,11.9444,6.6266,7.0392,7.4671,9.9186,8.6521,9.3718,7.7629,6.707,8.8195,13.6705,10.7664,6.7755,9.7834,9.8518,6.8018,8.6086,8.835,8.5082,9.8238,8.7621,8.8942,6.7297,5.8353,10.3862,12.6627,10.3428,10.3955,8.7014,10.5826,10.3682,8.1492,7.6256,7.0427,8.3494,7.4923,11.7759,12.341,8.1828,7.0134
HF0087,10.0935,6.2831,7.2628,7.7457,8.488,8.1839,6.9864,6.7199,6.594,8.2624,10.7009,6.7735,6.9378,8.3175,11.5126,7.9069,8.4352,9.0364,8.8493,9.3364,7.4465,8.8147,6.7523,6.2036,11.4165,9.9818,10.01,9.2015,7.3948,6.8689,8.3725,7.3914,8.6166,9.028,5.0529,7.2489,7.5642,9.9502,5.892,6.2525
HF0089,10.368,6.092,7.1214,7.4841,7.238,8.7133,6.9275,6.8316,9.3932,8.0956,13.2769,6.7702,7.4708,7.1744,10.4647,7.8974,8.7757,9.09,9.1147,9.443,8.5884,8.1698,6.6315,7.0914,9.2958,11.1972,9.4986,9.5067,8.3767,11.8093,9.848,6.8735,7.1269,7.0385,6.1226,9.8919,11.6456,12.6274,9.5397,7.1946
HF0108,7.8402,6.4741,7.7543,7.3377,7.9668,8.7748,8.0031,7.0595,6.5952,8.2983,11.1178,5.9484,7.3056,7.7079,9.7334,7.4607,9.7109,9.8653,7.3308,9.3479,9.5024,8.0407,6.6854,6.5741,10.8429,9.3848,10.6241,8.9903,6.6611,7.9969,9.7325,8.2655,8.4571,7.5818,4.9495,8.5728,11.8429,11.1596,6.1926,6.1981
HF0138,10.4285,6.5638,6.4239,7.7504,8.8921,8.9798,6.9075,5.7084,7.2221,8.2875,10.7009,6.7585,7.9413,7.1436,10.0539,7.6456,8.7925,8.6161,8.4661,9.2784,7.9705,8.6534,6.8877,5.673,8.1501,11.7245,9.884,9.9326,10.5629,13.7323,11.6248,7.941,8.0282,7.144,5.4027,8.8279,11.9134,12.6326,8.5433,7.1523
HF0142,11.6021,6.5538,7.3257,7.6121,9.575,8.2262,9.6097,7.9007,6.7198,8.7186,13.7334,10.8628,6.6206,9.8209,9.927,7.0128,8.9415,8.8491,8.7143,9.8319,8.8652,8.6763,6.6369,6.2642,10.3726,12.1271,10.7656,10.6395,8.4322,11.5912,9.3061,8.4434,7.4657,7.0308,8.3111,7.5355,12.1855,12.4452,7.9703,7.1154
HF0152,8.828,6.0475,7.4932,7.4549,7.3027,8.465,6.6831,7.3133,6.4947,8.0337,10.3574,6.1126,6.9778,8.2486,11.2236,7.9943,8.3317,9.5087,8.1299,9.3117,8.5493,8.8148,6.6296,6.7269,10.4317,10.9378,9.5777,8.4001,8.0559,6.964,8.4819,6.6911,8.3483,8.269,4.686,6.3517,8.1142,11.1132,6.6041,6.3174
HF0180,8.7014,6.3304,6.4836,7.2618,9.0827,9.031,9.5516,7.077,6.6235,8.1898,13.5051,6.9336,6.7991,7.2381,10.1956,7.2323,8.9219,9.6343,8.5237,9.4443,9.4192,9.2067,6.835,5.7192,11.4523,11.2583,9.6457,9.5359,8.7755,11.1816,10.721,9.186,7.519,9.116,5.0418,7.8219,11.6431,12.1472,8.425,6.9868
HF0184,11.1719,6.2983,7.0263,7.3847,9.4138,9.1921,6.7617,5.7216,6.7146,8.2695,10.9272,8.1318,7.6183,7.3233,9.9504,7.6595,9.1353,8.8855,8.1694,9.5603,8.219,9.3574,6.8722,6.652,10.0584,11.6439,9.6715,10.1702,9.6936,12.8635,11.9432,7.3968,7.6851,7.1495,8.6217,9.1262,12.375,12.4606,8.5789,7.2078
HF0223,9.4853,6.1829,6.9368,7.6262,6.8966,8.2265,7.24,7.3198,6.9568,7.73,9.7167,6.2679,7.3449,7.11,10.5169,7.8628,7.5634,9.1549,7.9808,9.6197,7.501,8.5003,7.0725,6.8343,8.8762,11.3542,9.8025,8.6204,8.3558,6.9217,8.4441,7.1507,8.1976,7.8311,5.4526,7.2371,8.6259,11.0213,5.941,6.717
HF0244,10.3734,6.5487,6.5712,7.7385,8.6984,7.4569,7.9174,6.7733,6.6841,8.1393,10.2004,7.0607,7.1858,7.0797,10.1482,7.926,7.9461,9.605,8.9478,9.5214,8.5336,9.2666,7.0373,6.281,8.5907,8.7871,9.5839,9.6969,8.1393,10.6843,8.3553,7.9627,7.5316,7.4038,5.1888,6.9205,10.242,11.9178,7.745,6.6818
HF0251,7.3358,6.9376,7.6139,7.193,9.5651,8.8073,6.5835,5.8617,6.5997,8.0744,11.3333,6.6913,9.9644,7.5184,10.2423,7.593,9.3057,9.1657,8.8003,9.4483,9.4591,9.5816,6.741,6.1423,11.1527,7.7343,9.803,9.4303,7.8042,12.1447,10.3994,9.6066,7.6609,7.2417,5.2358,9.3691,12.9792,12.094,7.5646,6.0996
HF0252,9.1048,6.2148,6.8032,7.3117,7.1866,8.1316,6.8928,6.7106,6.6248,8.2602,9.9,6.4189,7.1776,8.1288,11.0629,7.8441,8.154,9.1713,8.8304,9.4047,8.5262,8.1243,6.6296,6.4852,9.6972,9.86,8.5888,8.4608,7.9495,7.2632,8.5117,7.1692,8.2328,8.4728,5.3027,7.8901,8.7552,10.8674,6.6277,6.2965
HF0268,11.4565,6.1059,6.8466,7.2227,8.1879,8.6211,6.8324,5.5238,6.7278,8.3085,10.3061,6.6898,7.3998,7.476,10.8214,7.6176,8.6979,9.9812,8.2166,9.3257,8.3732,8.7007,6.675,7.0241,8.7178,11.0871,9.2062,9.0326,8.6841,13.0337,8.451,7.3626,7.8663,7.2683,5.9523,8.0162,11.6536,12.3219,8.1059,7.0965
HF0285,8.2063,6.1518,6.9014,7.3024,6.6327,7.9264,6.7801,5.9529,6.6584,7.7101,9.2816,6.434,7.7796,7.4885,10.7054,7.8997,7.93,8.9606,8.0486,9.419,8.4182,8.1032,6.7301,7.3372,8.9274,7.8777,8.2374,7.5319,7.0131,8.2603,8.2737,7.0142,7.5793,7.104,5.2421,6.3884,9.031,11.1208,6.5102,6.345
HF0291,8.8376,6.0269,7.2318,7.1145,7.8532,8.194,6.9998,7.2443,6.7023,8.0882,10.5577,6.1544,6.8545,7.9235,11.209,7.5662,8.5496,9.4414,8.5552,9.2676,8.5091,8.6614,6.8725,7.2031,10.2042,10.5595,10.3298,8.9772,8.6868,7.3186,8.3821,7.2877,8.4004,8.6705,4.6952,6.9028,8.7269,12.0019,6.246,6.1502
HF0300.3,8.0765,6.3707,6.9784,7.0815,8.6644,8.8703,6.8661,6.8362,6.4843,8.1352,10.8148,6.3657,7.4254,7.7454,9.3895,7.3943,8.9233,9.7193,7.4528,9.3792,8.8323,8.3832,6.5316,7.3441,9.1415,12.0175,9.2799,8.6251,10.0331,13.5188,11.6519,7.3373,7.3155,7.159,5.7665,9.9831,13.8628,13.1779,8.8299,6.9081
HF0305,9.1466,6.5303,6.566,7.2304,8.182,7.8022,7.3615,6.496,6.7039,7.8833,10.3484,6.6371,7.1034,7.0657,10.6725,8.0927,8.4633,9.3902,6.9717,9.3934,7.6226,8.837,7.0099,7.0503,9.8295,10.0633,10.0703,9.8868,7.7601,6.5422,8.5241,7.2065,9.0861,8.7446,4.9565,7.3752,8.7172,10.0062,5.8106,6.5131
HF0316,11.0549,6.1689,7.1823,7.4933,8.1543,8.6545,7.0751,6.9601,6.7249,8.2265,12.4238,6.6406,7.1759,6.8554,10.6443,7.3206,8.4584,9.4109,9.5061,9.3517,8.4604,8.3456,6.615,6.7129,9.7418,11.2957,9.3527,9.5571,8.7311,11.8559,8.5466,7.1194,8.0797,6.9045,4.7953,9.4607,11.2879,11.7841,8.7213,7.0647
HF0327,9.5078,6.1089,6.258,7.6733,9.6165,8.775,6.6205,5.4759,6.7425,8.622,11.058,8.2092,7.2843,6.8777,9.6325,7.6371,9.2189,9.6387,9.3472,9.6488,9.0891,8.9763,6.7088,6.6638,8.2925,9.9262,10.2388,9.8676,10.5845,13.5265,12.0111,7.6949,7.1636,7.8067,5.4909,9.7528,13.3973,13.2687,9.0219,7.1383
HF0408,10.6381,6.2554,7.3173,7.2384,8.945,8.9,7.0223,5.4226,6.8172,8.1653,10.7735,7.4465,7.6697,7.0638,10.1261,7.7137,9.1824,9.2853,8.1327,9.3565,8.4378,8.6959,6.8401,7.0584,8.3731,10.459,9.6197,9.3139,11.3362,13.9495,13.4826,7.7854,7.6868,7.5157,5.5766,11.0581,12.6553,13.4508,8.7164,6.8226
HF0434,9.4296,6.3732,7.1556,7.293,7.902,7.5397,7.3296,6.5964,6.771,7.8725,10.274,6.4583,7.2013,7.2496,10.8775,7.7062,8.2724,9.2225,8.7872,9.2324,8.0632,8.8466,6.8405,6.7738,10.334,8.8578,9.2616,8.9353,7.3187,6.8922,8.3769,7.1043,8.3353,7.8126,5.0802,6.5046,7.9725,11.3632,6.0802,6.3532
HF0435,8.5017,6.5268,7.4861,7.2229,6.8316,8.0062,9.3376,8.4001,6.5609,8.0277,13.2954,6.3952,6.9158,7.4419,10.461,7.8898,8.3436,9.4911,9.0258,9.1229,8.8849,8.813,6.8066,6.4432,8.8852,12.3942,10.071,8.9271,8.4279,9.6092,8.4417,7.235,8.254,7.2529,4.9463,7.6503,9.2325,11.1198,8.1479,6.9288
HF0442.5,11.023,6.1793,7.1764,7.6839,8.9043,8.592,6.6807,5.575,6.5677,8.3631,10.5963,7.0269,6.7385,7.8087,10.7831,7.6512,8.7068,9.1232,8.9161,9.3826,8.6344,8.9624,6.7368,6.085,9.9752,11.3695,9.5375,9.5009,8.9348,11.5292,11.6007,7.8146,8.1554,7.8031,6.8367,8.6455,11.8439,12.0112,7.8679,7.023
HF0445,8.3479,6.5251,7.2484,6.6719,9.3023,8.5219,6.9445,5.6448,6.5866,7.5708,11.697,6.9799,7.4984,7.5087,9.8114,7.4388,8.7913,9.4424,8.1988,8.6798,8.2248,8.7004,6.9501,7.3336,9.1922,9.9494,8.7966,8.9495,8.3325,13.3504,8.641,8.0388,7.0148,7.6356,5.3266,8.5313,13.6848,13.3473,8.8627,7.0752
HF0450,8.423,6.2792,7.0897,7.1614,7.9503,8.5334,8.7967,7.6582,6.6339,8.1784,12.7228,6.3254,7.3508,7.5904,10.6728,7.3645,8.4001,9.3895,7.7178,9.3719,8.821,8.5802,6.6461,7.527,9.6581,13.1297,10.472,8.3793,10.2615,12.2142,10.3134,6.98,8.0932,7.2149,5.1127,9.5483,10.7602,12.3631,9.579,6.9197
HF0460,10.512,6.4046,7.2511,7.1476,8.8914,9.055,6.7512,5.6288,6.7377,11.7555,11.3827,7.3548,7.4486,7.0194,9.7729,7.373,9.1967,9.2658,8.5871,9.3036,8.5949,8.094,6.7585,6.7419,8.1802,11.9064,9.1189,9.26,10.6592,13.9082,12.3027,7.7689,7.2733,7.2928,5.4936,9.7273,13.0168,13.2954,8.2036,7.0874
HF0505,8.621,6.2124,6.8891,7.2938,6.4048,7.486,6.8866,5.8454,6.7552,7.681,8.8672,6.435,7.8954,7.5184,10.4724,8.1021,7.5552,8.5714,8.9782,9.5194,7.6271,7.734,7.0764,6.3406,8.4199,8.0287,8.2699,7.9023,6.8768,7.5412,8.257,7.0722,7.6346,7.1615,5.452,6.8646,8.4004,10.9112,5.9621,6.4882
HF0510,9.6468,6.1083,6.2315,7.1578,9.5722,8.7862,6.6834,5.8626,6.6477,8.6582,11.1803,7.5088,7.623,7.2727,10.166,7.1419,9.3259,9.8278,8.6107,9.7888,8.9742,8.9804,6.7516,7.0612,8.8264,10.2004,9.9217,9.6746,10.4574,12.8161,12.4976,7.2604,7.4241,7.9528,6.3477,10.1033,13.2351,13.4617,9.0274,6.8571
HF0520,10.0165,6.3018,7.0283,7.2025,8.1904,8.4107,6.8927,5.8115,6.7413,7.8207,10.403,6.8876,7.8392,7.0642,9.2509,7.3446,8.6114,9.4035,8.5093,9.2423,8.3764,8.1972,6.8811,7.1581,8.2484,9.6758,8.7197,8.6215,10.0369,13.8314,12.5902,7.2448,7.0183,7.1054,6.7362,11.3206,13.7063,13.3895,9.346,7.1323
HF0543,8.5699,6.2927,7.9273,6.9166,8.6501,8.2032,10.552,8.466,6.9338,8.2778,11.3099,6.3898,8.137,6.9285,9.4386,7.2151,8.7029,9.3777,7.9614,9.1479,8.5158,8.2807,6.8471,6.6424,6.8622,9.8017,9.457,9.1615,11.3645,13.8604,12.0504,8.0141,6.7648,7.0099,8.5137,11.5462,13.8108,13.3537,9.3995,7.3357
HF0583,10.1156,6.2593,6.4507,7.2108,9.0522,8.6293,6.9361,6.9199,6.7272,7.8883,11.2771,7.7649,8.32,8.3298,9.7286,7.2277,8.7934,8.9741,8.0804,9.7731,8.2747,8.1265,6.9035,6.6062,7.2111,11.2273,9.4426,8.8618,10.9673,12.7444,12.6804,7.0486,7.4971,7.2327,5.892,9.3498,13.0775,13.3937,9.1052,7.0936
HF0599,8.8358,6.3433,6.4637,7.339,6.7821,7.8491,7.142,5.9637,6.8149,8.0301,8.8953,6.7824,8.2661,7.3755,10.2986,8.1282,7.3979,8.5786,8.4727,9.4367,7.8234,7.8435,6.8889,6.3149,9.1471,8.2388,8.3069,8.0502,7.2019,8.0062,7.8805,7.0763,7.5013,7.1915,5.5127,6.8196,7.9201,10.7224,5.9822,6.5234
HF0606,8.6142,6.4473,7.0602,7.8649,8.8812,9.0762,7.1365,7.2837,6.6406,8.9317,10.8535,6.589,6.8798,9.3844,10.4859,7.7615,8.8667,8.823,7.6808,9.714,9.4724,8.8464,6.6694,5.9483,11.3847,12.163,10.6726,7.8953,9.1644,6.4054,9.2266,6.7619,8.7235,9.1991,4.6943,8.4904,8.5407,9.5681,8.1578,6.9441
HF0608,11.4928,6.0698,7.2815,7.2451,7.2893,9.0072,6.785,5.9793,6.8095,7.7383,10.0291,6.7453,7.43,6.6961,10.2368,7.6716,8.577,8.7704,9.2894,9.0971,8.0793,8.0628,6.6468,6.6001,7.613,11.9826,9.3175,9.0967,9.2821,13.3712,8.6688,7.0827,7.2098,7.0278,6.1906,9.5735,12.2595,13.1887,9.2872,7.0065
HF0627,11.6189,6.4133,7.0284,7.5834,8.7359,8.0853,9.4606,7.1256,6.714,7.9077,10.9332,7.1493,7.5406,6.8933,9.2414,7.1501,8.4329,9.634,8.0261,9.5646,6.9413,8.062,6.7625,7.6153,8.9248,10.8593,9.6478,9.6745,9.544,13.5965,10.992,8.1741,7.3772,7.2056,6.4548,9.894,12.889,13.0395,7.1132,7.1323
HF0654,8.2257,6.3575,7.1056,7.2555,8.4166,8.4674,6.6542,5.7151,6.6841,8.445,10.3876,6.826,7.4347,7.8033,10.2275,7.4283,8.941,9.2126,7.8502,9.2946,8.9078,8.3538,6.7302,5.6487,8.9739,9.7667,10.015,8.6564,9.3003,10.5566,12.4004,7.9311,7.0071,8.7214,5.2364,9.1055,10.8644,12.2419,7.3677,7.0813
HF0670,10.059,6.621,7.0578,7.5822,8.4295,8.3024,6.9871,6.3201,6.7586,8.159,10.7844,6.5299,6.8405,8.453,11.4602,7.6044,8.1308,9.0655,7.1835,9.5636,7.8713,9.0003,6.8779,6.3869,11.0762,11.0637,9.9804,9.2692,8.8221,7.2167,8.3321,7.134,8.9767,9.4489,5.1675,6.8113,8.3713,10.8857,6.3534,6.6229
HF0702,12.1932,6.1074,7.3585,7.2546,8.1688,8.8633,6.7575,5.6593,6.6039,8.1915,10.4938,7.4634,6.7648,7.7311,10.9849,7.7402,8.9974,9.7856,8.635,9.5629,8.0705,8.5989,6.6775,6.4503,10.9751,12.013,9.7561,9.9132,8.4864,12.1638,9.5155,7.8583,7.9185,8.9883,5.088,8.2484,11.4858,12.8175,7.1887,6.7552
HF0726,8.9738,6.5962,7.5264,7.5278,8.3603,8.2309,6.7669,6.3344,6.6119,7.9246,10.6217,6.3482,6.8542,7.1738,11.0842,7.7299,8.7662,9.4342,9.2532,9.0148,7.137,9.1953,6.8618,7.1308,10.7812,9.2806,9.6361,8.9368,7.3095,7.2718,8.3456,7.2949,7.843,9.1765,5.0638,7.0974,8.8565,10.7271,6.0082,6.3571
HF0757,8.8108,6.4572,6.7479,7.5482,7.8161,8.655,7.2972,6.5222,6.6779,7.986,10.1739,6.5601,6.9154,6.4562,8.7896,7.1178,8.4537,8.5604,6.7274,8.9661,7.7462,8.2401,7.1739,6.7937,8.4801,11.489,9.8996,9.0916,9.4221,11.411,8.237,7.3144,7.3848,7.8196,5.4928,8.1798,10.2926,11.4003,8.6979,6.9692
HF0778,8.8812,6.356,6.6009,7.2662,7.3287,8.0072,6.9746,6.0014,6.6661,7.9726,9.3142,7.1369,7.421,6.6296,9.0686,7.7732,8.1725,9.2444,7.6332,9.377,8.5843,8.6425,6.8605,6.915,8.6674,8.9457,8.6421,8.4257,7.0473,9.9053,8.2553,7.0466,7.5769,7.2312,5.2832,7.5966,9.5171,11.1194,7.1932,6.5277
HF0790,8.6224,6.3487,7.1088,7.0882,9.1904,9.1175,6.7051,5.69,6.7086,10.958,10.8407,8.0238,8.0896,7.1451,9.559,7.5368,8.7762,8.4402,8.5143,9.4869,8.7596,8.3094,6.8792,7.054,7.859,10.8908,9.081,9.7317,11.0987,13.9959,13.0497,7.1952,6.9781,7.3049,8.2483,11.3052,13.4456,13.4647,8.2695,7.2205
HF0802,9.1648,6.2025,7.0321,7.2235,6.8106,8.143,7.0952,7.3057,6.6228,8.1615,10.1917,6.4223,7.2082,7.7873,10.5621,7.899,8.6825,9.6477,8.5056,9.3397,8.3547,8.7053,6.7794,6.4207,9.5277,11.1243,9.8231,8.8329,7.7555,7.0517,8.3662,7.1548,8.4071,8.4162,5.0578,6.6681,8.5647,10.5528,6.6202,6.339
HF0816,9.2037,6.0467,7.2936,7.0123,6.1349,7.6372,8.7234,8.1368,6.5686,7.7255,10.8068,6.2732,7.2633,7.5493,10.1222,7.4275,8.6793,9.8727,7.8561,9.2526,9.0378,8.8518,6.7089,7.0892,8.2695,12.9808,9.6583,8.6838,9.5703,13.0661,11.3334,7.3665,8.0734,7.2236,4.8271,8.9577,11.5911,12.3062,9.4929,6.9616
HF0835,9.3743,6.4727,7.4055,7.8676,8.4606,8.3384,6.9772,6.5034,6.5455,7.9494,10.4799,6.7568,6.9301,7.8372,10.6333,7.8408,8.9723,9.5281,8.3683,9.5413,8.7047,9.2854,6.7017,6.5177,10.5622,9.4504,11.0043,9.8721,7.8155,9.2926,8.7215,6.9974,8.6031,8.4816,5.052,6.9461,8.2658,11.0001,5.9775,6.1927
HF0844,8.6022,6.5136,7.3932,7.674,7.6066,9.1626,7.9246,7.4624,6.5673,8.2078,10.6435,6.4886,7.6936,7.2508,9.3285,7.2482,8.6387,8.6489,7.9139,9.5214,9.0527,8.4811,6.8014,6.0822,8.9405,12.6494,9.6473,8.3086,10.7642,11.8562,9.7142,6.9595,7.6337,7.5661,4.8302,9.2799,9.7703,11.245,8.9072,7.149
HF0855,8.9674,6.3556,6.8582,7.3793,8.2238,8.2594,6.9953,5.6666,6.6651,8.1958,10.7034,7.1772,7.0301,7.1261,10.375,7.5002,9.2738,8.9935,8.9053,9.2311,8.9022,9.0101,6.911,6.7306,10.2493,10.9074,10.269,9.2944,7.5748,10.2267,10.7713,7.9712,7.8215,8.9468,4.9799,8.059,10.4783,11.5087,7.1334,6.676
HF0891,8.1857,6.5441,6.9823,7.4612,9.3727,9.096,6.6058,5.7586,6.707,8.7435,11.5435,8.3415,7.1738,8.416,9.5163,7.3801,9.4257,9.6632,8.1416,9.6329,9.7208,10.0807,6.5606,6.338,10.5581,10.1441,10.1427,9.389,8.8758,12.8576,11.4285,9.6257,8.0346,7.0323,5.734,10.1558,12.4975,13.1933,7.7744,6.4888
HF0894,11.9411,6.211,7.4465,7.7574,9.0259,9.2124,6.7783,5.7509,6.9485,11.4544,10.8825,8.3235,7.4737,7.3594,10.0308,7.4407,8.8817,9.1473,8.9229,9.3085,8.094,8.6984,6.7031,6.9863,8.9465,11.5791,9.6092,10.7662,9.8522,13.7712,12.3123,8.1264,7.3032,7.7136,6.7281,9.8927,12.9778,13.5479,8.8207,7.1353
HF0899,9.7086,6.0772,6.8957,7.6239,7.7131,8.5538,7.1602,6.3964,6.6618,8.2736,10.3271,7.0567,7.0835,7.4648,10.9516,7.7873,8.5163,9.1281,8.0983,9.282,8.7612,8.6644,6.8434,6.1061,11.1164,9.4251,9.9001,9.1635,7.795,7.8231,8.8282,7.2281,8.3156,8.9819,5.0404,7.16,8.2911,9.8251,5.8514,6.4773
HF0914,8.9475,6.4365,7.0184,7.3021,7.8446,8.2108,6.8957,6.6341,6.5872,8.3046,10.3697,6.92,7.1278,7.93,11.0602,7.7485,8.1872,8.8414,8.2661,9.1925,8.5651,8.2764,6.5831,6.3975,10.9321,9.6753,9.3066,8.6415,7.9593,8.3095,7.8533,7.349,8.3247,8.4304,5.2245,8.0041,9.1983,11.6913,7.3863,6.7769
HF0920,9.951,6.8167,7.2469,7.9098,8.6984,7.3594,6.8693,5.5474,6.6777,8.5011,10.9849,7.0266,7.222,8.0781,11.1056,7.3299,8.7107,8.3658,9.2073,9.1736,7.5381,9.5974,6.9691,6.1357,11.2576,10.3305,9.9481,8.674,6.6852,5.9554,7.6757,7.1604,8.9059,9.7034,5.0809,6.9229,6.7581,8.4419,5.3998,6.1205
HF0931,8.4705,6.4477,7.4832,6.9721,7.8114,8.4041,6.8705,7.3233,6.4844,8.1913,10.8053,6.381,6.6809,7.8491,10.9458,7.9023,9.1565,9.1801,7.7267,9.2752,8.8038,8.8293,6.6227,5.5194,10.6264,9.9042,9.6414,8.5051,7.6793,6.7783,8.3204,7.3912,8.6718,8.5362,5.0479,6.9561,6.799,9.5715,5.5478,6.4796
HF0936,8.4714,6.1128,7.4006,7.3379,7.2691,8.246,6.7425,5.991,6.6252,7.965,10.0895,6.5797,7.7833,7.9597,10.5935,7.8333,8.4322,8.8779,9.0568,9.0417,8.2396,7.8949,6.6233,6.6855,8.6123,10.1961,8.7952,8.6274,8.5918,11.5143,8.6582,7.4096,7.4709,7.56,8.5275,9.4064,12.3031,12.3757,8.2771,6.9853
HF0953,8.4684,6.5128,7.389,7.3794,8.1966,8.3111,7.1359,6.6015,6.7539,7.7426,10.2558,6.3474,7.2695,7.1022,10.349,8.2463,8.7564,9.2397,8.393,9.6457,7.5438,8.3074,6.8242,7.4688,8.493,11.4645,9.2513,8.1674,9.2255,10.9176,8.4611,6.7991,7.6591,7.5957,6.8213,8.7453,13.6748,12.6744,8.4787,7.4938
HF0954.2,10.2189,6.2838,6.5523,7.2335,8.7718,8.2068,6.5707,5.601,6.7694,8.4945,10.5523,7.2649,7.037,7.0864,8.8575,7.4081,9.0432,9.9714,8.7303,9.9123,8.8083,9.6035,6.7938,6.8398,9.4821,12.4675,10.5634,9.8087,9.8728,13.0429,9.4352,7.5303,8.101,7.9553,5.0696,8.5331,11.9631,12.2883,8.9601,7.0215
HF0960,9.4588,6.3279,6.9195,7.6483,7.0842,8.6716,6.9847,7.2142,6.5631,8.3885,10.2334,6.6479,6.9482,8.7588,10.6545,7.8164,8.6017,9.6411,7.5453,9.5376,9.0754,9.4372,6.6678,6.1375,10.6919,9.9213,10.0056,8.9879,8.3428,7.2376,8.8256,6.8221,8.362,8.7745,5.0764,7.2689,7.721,9.9544,6.5384,6.4906
HF0962,10.0966,6.4507,7.236,7.8053,8.6014,8.419,6.8818,5.7031,6.6034,8.3079,10.761,7.2172,7.0912,7.5227,11.2385,7.9135,8.9145,9.2139,9.4208,9.007,8.6783,9.4234,6.9237,5.9123,10.8196,9.8345,10.6209,9.3314,7.7418,6.333,8.2211,7.4968,8.5788,8.4673,5.069,6.7882,7.3572,10.0744,5.6786,6.4801
HF0963,8.9351,6.3665,6.2782,7.1786,8.633,8.1373,9.7083,8.3832,6.8545,8.475,10.7899,6.5632,7.4264,7.3616,10.5304,7.4357,8.297,9.4698,8.6197,9.5499,8.6011,8.7333,6.8709,6.2082,9.957,10.1949,9.9356,9.4399,9.6646,12.5139,12.4309,8.0493,7.1732,8.1077,5.1654,9.562,11.654,12.3173,8.5196,6.7065
HF0966,8.6755,6.3074,7.5194,7.0715,8.4655,8.5517,6.8702,5.9766,6.487,7.8994,11.3234,6.5194,7.3947,8.187,10.1073,7.5543,9.0901,9.0812,7.9444,8.9517,9.1087,8.8738,6.7938,5.96,10.0936,11.1577,9.5992,8.8709,8.0643,8.5269,8.2402,7.8721,8.5973,8.578,5.04,6.4907,9.0869,11.2348,7.8109,7.0612
HF0975,9.7468,6.1976,7.3758,7.3525,7.9272,8.2905,6.997,7.4209,6.7463,8.137,10.5019,6.3909,7.037,8.6491,11.7551,7.4488,8.5626,8.6731,8.4983,9.052,8.4007,8.9199,6.784,5.9132,11.2585,10.5585,10.0834,8.6262,6.6863,7.4858,8.5364,7.1663,8.7276,8.7416,5.1457,6.864,8.3552,10.493,6.2574,6.2623
HF0982,10.4204,6.9118,6.8731,7.2912,8.4451,8.6819,6.7864,5.8531,6.8309,7.9565,11.3335,7.8171,7.1138,7.2886,10.3103,7.328,9.286,9.1501,8.7385,9.3118,8.5966,8.915,6.702,6.3014,10.6421,12.4863,9.8098,9.7169,9.3248,12.6818,11.3477,8.0286,7.5874,8.7411,7.2167,8.6173,11.8665,12.8388,8.4785,7.0834
HF0986,9.0766,5.9148,6.9434,6.5165,7.1435,7.4615,7.8483,7.244,6.8003,8.3052,9.3125,6.2257,7.4651,6.7079,10.5161,7.6267,8.1738,8.94,8.8307,9.654,8.7373,8.0281,6.7664,6.6272,8.016,10.419,9.7,9.7572,9.6177,13.9998,10.3886,7.788,7.5969,7.0899,5.6603,9.6912,14.0745,12.9204,8.7708,6.8276
HF0990,12.4567,6.502,7.0485,8.4322,9.4274,7.8938,7.0443,6.4816,6.9822,8.633,13.8407,8.191,7.0874,6.7687,11.1135,6.85,8.674,9.1931,9.0673,9.5463,9.0125,9.7075,7.1154,6.3115,9.7385,13.0987,10.2601,9.6738,8.8288,11.4196,11.6537,8.1176,8.9073,8.1425,5.6404,7.3882,12.0508,11.5795,8.2814,6.3919
HF0992,8.5817,6.2612,7.1596,7.4367,8.208,7.1581,9.5385,7.3498,6.7967,11.0766,10.9071,6.2841,7.6783,7.4997,10.1452,7.3363,8.5296,9.059,7.818,9.1851,8.5985,8.6598,6.8274,5.4806,9.7376,11.3621,10.4578,8.5562,8.5839,11.9244,12.0884,8.7242,6.8019,7.2223,5.1212,9.1125,11.6149,11.7095,9.2426,7.1078
HF0996,7.3589,6.3804,7.5451,7.8142,8.2229,8.5838,6.6689,5.564,7.746,8.4715,12.7724,7.6384,6.9065,8.4568,9.9686,7.0282,9.0696,8.7015,8.0046,9.3392,9.0715,8.6712,6.8732,6.2949,11.2012,11.4629,10.1029,9.4811,9.2426,8.188,12.9789,8.6901,8.1861,7.1798,4.9366,10.9894,12.833,11.2438,7.8031,6.4184
HF1000,10.3215,6.5497,6.7302,7.7073,8.7567,8.1949,6.9479,6.6361,6.5963,8.0454,10.9986,6.9663,6.9746,8.0856,11.4747,7.799,8.6276,9.1391,8.3408,9.5893,8.7429,9.0174,6.9757,6.321,11.8124,10.1412,10.464,9.1946,8.2514,6.824,8.6948,7.3796,8.8202,9.6565,4.9403,7.4768,7.8457,9.9919,5.9456,6.1859
HF1032,8.7966,6.0892,7.0445,7.327,6.5805,7.5766,7.4131,6.0251,6.5035,7.5544,9.1247,6.7179,7.826,7.5407,10.3353,8.0649,7.2949,8.5049,8.6187,9.339,7.4213,7.6924,6.8682,7.0939,8.51,7.5485,8.2903,7.8282,7.2071,8.1674,8.4819,7.0494,7.6514,7.2284,5.6238,6.8613,8.5471,10.7907,6.5194,6.4093
HF1057,11.4267,6.1718,6.6224,7.57,8.9398,8.2189,7.0222,5.6905,6.7202,8.1203,10.8329,6.8962,7.5764,6.7877,10.9032,7.7149,8.3649,9.3805,9.0892,9.6075,8.5745,9.3193,6.9533,6.1384,9.72,10.6657,9.9387,10.0742,8.603,13.0159,9.7768,8.4399,7.6319,7.2748,5.1205,7.4897,11.9078,11.7484,8.2209,7.1742
HF1058,8.3977,6.1351,6.7381,7.1625,6.7076,7.7263,7.0603,5.9166,6.573,7.6865,8.9906,6.5679,7.6926,7.3768,10.8351,7.9021,7.4478,8.9953,8.5928,9.4329,7.5214,8.1347,6.9604,7.0685,9.0742,7.8838,8.2577,8.1094,6.9962,8.922,8.631,7.1008,7.5679,7.4475,5.4954,7.5963,8.6227,10.9125,6.5563,6.4155
HF1077,10.3983,6.0448,7.4147,7.4664,8.9697,8.7237,6.6883,7.9255,6.7307,8.3439,11.1363,6.55,6.7677,7.6531,11.0284,7.379,9.0715,9.3916,8.6284,9.357,8.6465,8.9316,6.7528,6.6403,8.8182,11.3955,9.7414,9.68,9.575,13.7405,10.7783,8.0765,7.725,7.2425,5.3729,9.1289,12.7585,13.3296,9.4732,6.8662
HF1078,9.2724,6.34,8.0873,7.0082,9.7072,8.2187,9.158,7.6993,6.6361,7.7429,10.8418,7.1821,7.6188,6.6016,9.3317,7.297,8.835,9.5676,9.2952,9.3466,8.2868,8.539,6.7085,6.3131,8.869,11.1322,9.7908,9.3769,9.5818,13.9524,10.2831,8.6253,7.1068,7.2361,7.5131,8.6756,12.5886,12.6667,10.7187,7.0455
HF1090,10.9544,6.2597,7.526,7.3732,8.0722,8.6912,6.8197,6.2941,6.6835,8.1213,10.617,7.4657,6.9482,8.7055,10.6235,7.5239,8.7976,8.8383,8.6803,9.2955,8.57,8.5281,6.7106,6.23,10.7734,9.7068,9.3251,9.6704,8.2366,11.494,12.4215,7.3652,7.5162,7.4065,8.4994,9.3342,12.2097,12.2358,7.6189,7.0281
HF1097,8.7524,6.199,7.5832,7.4008,8.8129,8.4366,7.001,5.9911,6.8365,8.152,10.622,6.4887,8.4004,7.8693,10.2431,6.9595,8.1566,7.5545,7.8222,9.0452,8.3733,8.1305,6.6858,7.7511,5.8627,6.5836,6.8529,7.9564,8.4697,6.1585,11.7592,6.9601,6.554,7.0993,5.2898,8.2347,12.184,12.9969,8.8545,7.546
HF1122,8.3042,6.7372,7.7473,7.2323,8.0485,8.6052,6.7211,5.4631,6.5624,8.7576,11.682,7.5716,7.6032,7.5103,9.1424,6.6879,9.3197,9.7902,7.1519,9.392,8.3722,9.3075,6.7021,6.2216,9.7772,12.2957,10.8017,9.0974,10.1366,13.615,10.7949,8.3389,7.8897,8.0755,6.869,9.5726,13.1303,12.6913,7.7356,7.2681
HF1136,8.2085,6.2439,7.3179,7.4492,10.0342,8.7524,6.8466,5.631,6.5936,8.6153,11.4205,9.074,10.7942,7.9979,10.3411,7.0254,9.0081,9.6066,7.3863,9.2305,9.1685,8.5221,6.8518,6.1854,11.5546,9.3726,10.9998,9.9001,8.7593,9.211,8.9206,9.4485,8.221,8.1853,8.9849,9.9429,10.3325,11.1697,6.8666,6.6905
HF1137,10.252,6.2543,7.421,7.2938,8.827,8.8384,6.8542,5.7804,6.718,7.794,10.8273,7.3512,7.6609,6.9192,9.645,7.43,9.0935,9.3963,7.5305,9.5577,8.3648,8.627,6.845,6.2649,8.4355,12.5716,10.389,9.5282,11.0452,13.6869,11.9819,8.1336,7.1956,7.1586,6.184,10.6878,13.1987,13.4766,9.4426,7.1746
HF1139,11.0578,6.1983,7.1587,7.3867,8.7511,8.91,6.8516,5.7194,6.6431,8.2799,10.4784,8.3862,7.0765,6.6064,10.2596,7.6115,9.2013,9.1473,8.7713,9.6127,8.7619,8.8291,6.8283,6.7549,9.0327,11.1409,9.8097,10.0961,9.4941,13.6414,11.677,7.6164,7.3349,7.6483,6.7613,10.2822,12.362,13.0381,9.1889,7.2941
HF1150,11.4346,6.483,7.2431,7.9622,8.6369,8.1759,6.9475,5.6057,6.7545,8.5563,10.5669,7.2166,6.7935,6.3505,10.9436,7.5627,9.1687,9.6529,8.9009,9.5152,8.5461,8.9609,6.8985,6.1537,9.818,10.7121,10.7761,10.2312,8.5721,12.4228,9.3905,7.9804,8.0866,7.6713,5.0265,8.0515,11.6268,10.9359,7.6413,6.7366
HF1156,9.746,6.137,7.2409,7.4428,8.9086,8.2372,6.9521,7.2919,6.6756,8.2736,10.7944,6.4125,6.7907,7.6053,10.7696,7.5136,8.4489,9.5552,8.9436,9.3547,8.354,9.1307,6.9195,6.4361,11.026,9.3873,9.9994,9.4513,7.9288,6.9704,8.4482,7.1082,8.6194,8.6048,4.873,6.5369,7.6299,11.1712,5.8283,6.292
HF1167,8.855,6.2963,6.9429,6.972,7.6638,8.2296,7.1337,5.7634,6.7866,8.2794,10.1277,6.6972,7.5069,6.9685,10.6711,7.2066,8.1334,9.0356,7.7764,9.0838,8.4552,8.0403,7.1034,6.5487,8.008,10.6325,9.6727,8.738,8.3718,12.9134,8.6421,7.1392,7.8443,7.2908,5.3402,7.4195,11.824,11.5787,8.232,7.0954
HF1178,8.8454,6.2538,7.0665,7.299,8.7243,7.7667,8.3992,7.067,9.2166,7.9386,10.6806,6.4557,7.6357,7.463,10.399,7.4754,8.4153,9.6542,8.6488,10.0247,8.9574,8.5603,6.5407,7.0945,8.9567,12.4579,9.6622,9.1112,9.831,13.6886,12.0018,7.5563,7.5903,7.9793,5.2591,9.7288,12.7573,13.3619,8.9331,7.1346
HF1185,9.2582,6.2115,8.0056,7.304,7.9138,8.2704,7.001,6.2898,6.787,8.2815,10.5871,6.7983,7.1792,7.1375,9.7824,7.5324,8.3895,10.2279,7.9818,9.1021,8.9966,9.1822,6.7416,7.1469,8.4026,8.9223,10.2692,9.0704,7.804,12.2111,10.3398,7.6777,7.5781,7.0478,4.972,8.458,11.2506,11.9558,6.7316,6.9458
HF1186,9.123,6.3758,7.3946,7.5405,7.1154,8.8661,6.8354,7.4858,6.5373,8.3951,11.0374,6.8899,7.061,8.9125,10.6292,7.5418,8.8712,9.4103,7.257,9.443,8.8303,8.924,6.8551,6.3422,10.5067,12.5987,10.2012,9.3965,9.865,6.5143,8.2858,7.4685,7.8852,8.7767,4.9283,8.6143,9.3469,10.3478,9.3273,7.0279
HF1191,11.6445,6.2145,6.4425,7.0374,9.5146,9.2876,6.7357,5.5478,6.871,8.0647,11.0138,7.5264,7.3299,6.6163,9.6133,7.2741,9.0437,9.1277,8.2344,9.5938,8.677,9.1269,6.9148,6.3033,10.2952,10.7901,9.7314,10.3459,9.6218,12.3808,10.38,8.0245,7.458,7.6218,8.4148,8.4612,12.516,12.4364,8.0629,7.0519
HF1220,9.0767,6.4901,7.3443,6.8461,8.197,8.4189,6.9137,5.9958,6.8969,7.7248,10.682,6.9397,7.5905,6.8728,10.2523,7.492,8.6851,8.931,8.8383,9.2197,7.1603,7.8439,6.9838,7.811,8.0424,10.1577,9.1901,10.2517,9.5874,13.8037,8.9918,7.2642,7.1403,7.3498,6.1071,9.6301,14.3472,13.3037,9.0472,7.1329
HF1227,8.865,6.1789,7.3101,7.583,7.9602,8.2525,8.3474,6.9488,9.8422,8.0658,13.6783,6.7271,7.6184,7.9091,10.5282,8.0452,8.9094,9.1874,9.3335,9.3274,8.5597,8.6672,6.6192,6.3405,10.2378,9.3686,9.2311,9.2039,6.8523,9.9353,9.4458,8.0044,7.7015,8.4935,4.9769,7.8081,10.6262,11.3327,6.9034,6.3889
HF1232,10.452,6.0772,6.5957,7.3281,7.6474,8.5218,6.9294,5.6739,6.7519,8.0795,10.1791,7.2571,6.9207,6.8972,10.3505,8.0143,8.9062,9.1846,8.9506,9.2261,8.6213,8.6583,6.6993,6.5609,9.1113,10.7645,9.5069,9.1243,9.173,13.5251,8.5467,7.2659,7.5141,7.6992,5.0791,6.8638,11.3688,12.1501,8.6956,6.9503
HF1235,9.9576,6.2976,7.1061,7.7852,8.9302,8.2316,6.8356,5.6415,6.7135,8.6151,10.8255,6.5947,6.9998,7.5097,11.1459,7.5874,8.9364,9.3459,9.4649,9.2969,8.6322,9.4597,6.6108,6.051,10.9602,9.9451,10.6142,9.3333,7.6679,6.1203,8.1014,7.5908,8.6747,8.549,5.1261,6.6304,7.1521,9.9517,5.568,6.2957
HF1242,8.464,6.5203,7.2047,6.9255,9.0601,8.2838,6.9108,6.3097,6.6505,7.8662,11.7529,6.7961,8.7189,7.6749,9.9956,7.1352,9.1738,9.8457,7.3657,9.36,9.038,9.2495,6.7863,6.8009,10.3683,12.1757,10.9622,9.2965,8.943,10.2756,8.38,8.3783,8.0134,8.3861,4.9674,7.9298,10.1326,12.2483,8.9505,6.8099
HF1246,8.4378,6.274,7.4811,7.1267,7.2061,8.4514,7.2825,6.383,6.9106,7.6248,9.8004,6.6811,7.8924,7.2896,9.8437,7.6136,8.7565,8.8519,8.5968,9.3199,7.5368,7.942,6.9774,7.2043,8.4594,10.6002,8.4825,8.1138,9.3477,12.2766,9.3791,7.0503,7.115,7.1722,5.9979,9.6985,12.4558,13.0174,8.3931,7.108
HF1255,9.351,6.1028,6.6298,7.1453,8.8308,8.6767,7.3962,7.2727,8.0459,8.5337,13.3534,6.7085,7.3388,7.2162,10.7646,7.2971,9.1727,9.8362,8.2183,9.5102,9.149,8.1007,6.7334,6.7286,9.5334,12.3092,10.4875,9.0806,10.324,13.9072,8.3175,7.1393,7.5575,8.0703,4.7597,6.4543,11.6477,12.0178,8.3734,7.1776
HF1262,8.6555,6.1543,7.2061,7.6392,9.1193,8.9431,8.0264,7.7033,7.8277,10.1478,12.8686,7.4846,8.0831,7.3249,8.9679,7.4445,8.6028,8.6477,8.3274,9.1726,8.439,8.5511,6.8845,7.0526,8.9246,11.5812,9.3343,9.4528,10.2246,13.5011,12.0064,7.4425,6.9936,7.2097,8.5353,9.9582,13.65,13.2284,8.7583,6.9702
HF1269,8.6094,6.3178,7.0839,7.5917,7.9652,8.639,8.8535,7.0794,8.8909,8.1104,13.6553,6.6686,7.2764,7.354,10.6108,7.7542,8.6762,9.4898,9.2725,9.3458,8.4874,8.6293,6.5964,7.3603,10.7122,11.4633,9.905,8.9214,9.7378,13.1479,9.8197,8.5127,7.3408,8.6288,5.1849,9.6166,12.0274,12.7966,8.4199,7.0158
HF1280,9.132,6.2724,7.5375,7.5168,6.9256,7.6726,6.8898,7.6404,6.6209,7.6979,11.6942,5.8875,7.7776,7.1481,9.0874,7.448,8.5553,9.2398,7.6402,9.6772,9.0013,8.36,6.7762,7.1801,5.8962,12.4466,10.1153,9.2525,11.3089,13.5986,9.5942,7.1595,7.0338,7.2503,5.8257,10.3241,12.2328,11.5815,9.9006,7.1694
HF1286,9.3959,6.1352,7.232,7.0075,9.2656,8.8252,6.7356,5.8052,6.5449,8.1744,10.9168,8.2113,7.7723,7.5702,10.3136,7.4997,8.9885,9.1471,8.4655,9.323,8.7803,8.4818,6.9118,7.3606,8.1395,10.0324,10.2264,9.495,10.0966,13.4276,12.0478,7.5874,7.3434,7.0558,7.7906,11.5005,12.9612,13.3936,9.0746,7.4124
HF1292,8.4957,6.2685,7.8306,7.491,9.371,8.5675,6.7388,6.4635,6.8574,8.1417,10.9401,7.2477,8.0877,6.7719,9.3107,7.1168,8.4101,8.672,8.1898,9.5637,7.6487,9.0381,6.7869,7.0199,9.4934,8.7744,9.2565,9.6456,10.0279,12.7767,11.0636,7.7196,6.9045,7.1416,8.9804,11.3392,13.5474,13.1748,8.9839,7.3742
HF1295,8.6738,6.6803,6.9025,7.7685,8.291,8.3481,7.1477,6.8345,6.739,7.9624,11.941,6.7095,7.3467,7.3344,9.8502,7.7394,8.4237,8.9914,8.2731,9.4691,8.7846,9.0875,6.6166,6.8341,10.7024,9.7895,9.8149,8.7023,7.6245,7.5445,8.6984,7.6427,8.2986,8.2659,5.1233,7.4593,8.614,11.2783,6.8806,6.5506
HF1297,9.0425,6.3034,6.888,7.9019,9.08,9.1117,6.9442,5.6603,6.8713,8.3218,10.8866,9.2136,7.4078,7.6083,10.1217,7.2796,9.4922,9.3473,9.4013,9.7604,8.0986,9.2145,6.7813,6.3395,10.4175,11.4424,10.5717,10.9764,8.6707,12.8422,10.6542,7.9069,7.776,7.8434,7.5473,9.1137,12.3978,12.568,8.5225,6.997
HF1316,9.3662,6.0758,6.8425,7.0678,8.2809,9.0902,6.7764,5.8026,6.6718,7.9373,10.5678,6.7148,7.2291,7.0844,10.49,7.8559,8.7467,10.0965,8.6332,9.2229,8.9527,8.6339,6.8343,6.542,8.8095,11.0289,10.0329,8.8678,9.3503,12.5229,8.6193,7.1585,7.6894,7.245,5.396,6.5878,10.8284,12.6917,8.69,7.7618
HF1318,9.8913,6.4627,7.6102,7.274,8.1862,8.9388,6.7886,5.8464,6.535,8.7492,10.9828,7.264,6.866,7.0349,9.7172,7.4158,9.2683,9.4739,8.3352,9.2146,8.9848,9.1432,6.7458,6.1615,10.8912,11.0339,10.349,9.1931,9.8203,12.9953,11.9881,8.4466,8.1805,7.8488,6.0136,9.8312,12.8407,12.8725,8.06,6.8631
HF1325,10.3465,6.2668,6.962,7.7033,8.5107,8.2635,6.869,6.6653,6.7344,8.0051,11.0096,8.0717,6.9278,8.887,11.5703,7.8358,8.7815,9.2128,7.4071,9.55,8.185,9.5056,6.9345,6.6285,11.7534,9.6524,10.979,10.1114,7.7201,6.1279,8.5672,7.2743,8.0824,9.7564,5.1761,6.9954,7.2362,10.1275,5.6506,6.3302
HF1334,9.18,7.0181,6.9914,7.8833,9.0712,8.3436,7.1605,6.506,6.7808,8.3017,11.0076,6.6335,7.2869,7.1504,10.1692,7.3408,8.0709,9.5553,8.5493,9.4164,7.8638,9.1596,6.9525,6.5087,11.1176,11.9349,9.8738,9.709,7.92,8.8203,8.2282,7.7885,9.062,8.5707,5.1681,7.4692,9.076,10.4453,7.463,6.5204
HF1338,10.9565,6.3561,7.1327,7.7063,8.8093,8.5391,6.8222,5.6186,6.565,8.3769,10.6813,6.8404,6.9271,7.7345,10.8033,7.5145,8.7513,9.1532,8.9419,9.3342,8.5474,9.1161,6.6311,6.2815,10.333,10.8641,9.5671,9.4377,8.3134,10.7439,10.859,7.7795,8.3804,8.1005,6.2527,7.9645,10.9423,11.3386,7.3776,6.5781
HF1344,10.7346,6.0579,7.4984,7.5336,8.3899,8.6787,9.9912,8.6051,6.526,8.5791,13.6235,7.7796,6.7994,7.6397,11.0813,7.6643,9.3921,9.7009,8.8728,9.1919,9.3329,8.9262,6.8205,6.6061,10.9041,10.7598,10.5676,9.9,8.432,12.3183,9.3576,8.0094,7.7794,8.3556,6.6585,8.4805,12.1212,11.6691,7.5845,6.3813
HF1345,7.7928,6.3069,7.1634,6.9616,9.3232,8.5257,9.6047,8.7788,6.6185,8.0008,11.4835,6.5369,6.9247,7.8023,9.384,7.2324,9.0569,9.5904,7.614,9.1717,7.2211,8.5204,6.7135,7.7949,10.9287,10.6627,10.2698,9.321,9.6745,11.8427,9.0626,6.9369,8.047,7.5697,9.1,8.2527,13.5568,12.7912,8.1615,6.6619
HF1356,8.1829,6.4358,7.6253,6.909,8.418,8.2576,8.7126,6.6108,6.6523,7.439,12.7709,6.2796,7.3085,7.7251,9.9873,7.1639,8.9037,9.4476,8.4245,9.4491,8.7904,8.4314,6.8931,6.6734,7.8176,11.8534,9.5167,9.3927,9.3567,13.4901,9.3757,7.3929,7.5455,7.1539,6.6587,9.8509,13.1548,12.8926,10.0091,7.0706
HF1357,8.2683,6.2216,7.5657,7.3679,7.2813,8.4622,6.614,5.6997,6.4345,8.4416,9.8794,6.516,7.1927,8.0055,10.1937,7.9421,7.7452,8.7094,8.997,9.6757,8.7396,8.1796,6.646,6.2843,9.3605,10.1115,8.4934,8.4483,8.6991,10.8511,8.8922,7.2007,7.6862,7.0161,5.7411,8.8506,11.5324,11.3466,7.7351,6.4338
HF1381,8.6713,5.9844,7.6778,7.1953,7.9723,8.3378,7.3406,7.3792,6.6185,8.4048,10.3994,6.5637,6.503,7.6597,10.7243,7.748,8.6328,9.6947,7.3353,9.5057,8.5897,8.7691,6.6995,6.8709,10.3291,10.7798,10.9552,9.2381,8.582,7.7453,7.5081,6.8772,8.3955,8.9187,4.8384,7.7088,8.3468,11.2442,7.1537,6.6423
HF1382,11.633,6.1838,7.4366,7.3766,8.9209,8.9585,6.4453,5.9394,6.7609,8.05,11.1097,6.9744,7.41,7.8831,10.176,7.564,9.6598,9.0532,8.6677,9.2271,8.6325,8.7043,6.9075,6.2994,10.826,10.7745,9.9628,10.4013,8.2287,9.7005,11.2428,8.3837,7.6614,8.0666,7.5992,9.5177,12.766,12.8414,8.3177,7.0231
HF1397,9.6129,6.18,7.4231,7.0382,9.0356,8.1993,6.6463,5.4904,7.1213,8.0413,11.0018,6.8344,7.4349,7.4955,10.8899,7.4559,8.9231,8.8851,9.1273,9.3148,8.8739,7.9412,6.6797,5.8492,10.1416,11.6039,9.3376,9.2795,10.3584,14.0087,11.6043,7.8685,7.2181,6.9543,5.8192,10.1936,13.8158,13.054,8.9907,7.2553
HF1407,9.0681,6.1691,6.8922,7.3025,8.3822,8.5252,6.6879,5.7142,6.7426,7.9801,10.803,6.2719,7.0768,7.3356,10.5805,7.3393,8.7263,9.484,8.8529,9.292,8.7253,8.8656,6.7687,6.6909,10.5476,12.016,10.6301,9.3451,9.5221,12.7867,9.2108,7.1458,7.5027,7.2482,5.1296,8.9836,12.3209,12.1457,9.5666,7.0024
HF1409,9.0506,6.1451,6.1221,7.6223,7.587,8.3151,6.5899,5.4377,6.5979,7.8558,10.8528,6.9633,7.5375,7.2589,9.1381,7.8022,8.8784,9.9086,8.7557,9.1385,8.0211,7.9153,6.6935,7.4962,5.771,10.8754,10.1447,9.4844,9.17,12.0123,10.4536,6.8901,7.0435,7.041,4.8581,8.726,11.7443,13.2446,9.7526,7.286
HF1442,9.2621,6.2791,7.2229,7.121,6.7523,7.9879,6.9483,6.6377,6.8139,7.7883,9.6549,6.3676,6.5634,7.4332,10.809,7.5615,8.932,10.3587,7.9641,9.4286,9.0177,9.2102,6.9215,7.0473,10.8902,10.4173,10.6225,8.4715,7.1194,6.8814,8.4452,6.9623,8.5398,8.9689,4.8912,6.3689,8.2406,10.8727,6.0828,6.3806
HF1458,11.0354,6.2372,7.3255,7.8465,8.7952,8.9715,9.9462,8.2306,10.4162,8.4193,14.0378,9.0611,6.844,7.3516,10.2712,7.593,8.4783,8.7063,8.9779,9.2963,8.986,8.6641,6.7389,6.5829,9.4304,10.2054,9.6179,9.9326,9.0413,12.8492,12.1667,7.9754,7.047,7.1464,7.9789,9.7227,12.8652,12.9971,8.651,7.1962
HF1469,10.1101,6.1329,6.7708,7.0647,7.8635,7.9576,6.8921,6.0498,6.6215,7.9708,10.1956,6.5638,7.5933,7.3689,10.5525,7.7493,8.8165,9.1795,7.8266,9.4948,8.4789,8.5301,6.6474,7.2712,9.7781,9.4694,9.5952,9.6291,7.0992,11.815,9.5507,7.3593,7.8135,7.35,5.9493,7.7573,11.0022,11.8057,8.1071,7.1096
HF1475,10.3421,6.4883,7.2462,8.1347,8.0417,8.3414,8.1753,7.2584,6.6251,8.3436,13.2778,6.4873,7.2525,8.157,11.3281,7.45,8.1668,9.5317,8.5715,9.5179,8.651,9.2839,7.1288,6.3466,11.3809,12.0688,10.4607,9.2535,8.2269,6.6422,8.3056,7.9219,8.7548,9.2083,4.9488,7.229,7.8592,10.148,7.6771,6.5133
HF1487,9.1217,6.0613,6.7964,7.0936,8.5951,8.3494,6.9509,6.8648,6.5507,7.9305,10.5776,6.5062,6.664,7.6194,10.2108,7.6701,8.6388,9.7264,8.1573,9.3089,8.6719,8.8121,6.753,7.4283,9.6194,9.5459,9.5522,9.4595,8.0047,9.8587,8.3919,7.3547,7.7049,7.7552,4.898,7.2364,9.8658,12.3717,7.4035,7.0121
HF1489,10.0086,6.6158,7.3011,7.8246,8.4042,8.3181,6.9508,6.7468,6.6504,8.2006,10.5728,6.7295,6.9708,8.39,11.5329,7.9016,8.4759,9.0777,8.8505,9.2933,7.6345,8.7999,6.7404,6.0055,11.4308,9.9822,10.1052,9.1871,7.6608,6.7722,8.344,7.364,8.5562,9.0954,4.9039,7.1794,7.548,10.0808,5.8212,6.1111
HF1490,10.7648,6.2129,6.6554,7.496,9.2743,9.0207,6.8244,5.6324,6.5841,8.465,10.8064,7.709,7.2225,7.9955,9.8831,7.2355,9.0504,9.8217,7.9233,9.5764,8.3105,8.9151,6.9333,7.1278,10.0718,11.1998,10.3589,10.0324,9.4397,13.3594,10.9274,7.4959,7.5098,7.2821,8.9925,8.8874,12.4591,12.8955,8.7135,7.1983
HF1492,8.5584,6.1081,7.0027,7.1112,6.9786,7.7922,6.8762,6.1053,6.6952,7.746,9.3148,6.4081,7.8147,7.8931,10.5235,7.9632,8.025,9.3701,8.849,9.7245,8.5374,8.1217,6.8908,6.9627,8.756,8.5179,9.1131,8.1614,7.1897,8.4465,8.1305,6.8094,7.9283,7.1676,5.1068,6.8789,9.5283,11.0048,6.9692,6.1522
HF1493,8.1008,6.6041,7.4638,8.0687,8.911,8.2217,7.1031,6.9409,6.7184,8.2286,10.8659,6.6768,6.9817,7.9652,10.8115,7.399,8.2013,8.393,9.4874,9.1626,6.6188,8.6371,6.9941,6.2519,10.9924,10.7862,10.5884,9.6647,7.6781,5.8533,9.3536,8.094,8.2992,7.9054,6.5763,8.0014,11.0901,11.2686,6.32,6.2676
HF1494,9.431,6.7069,7.0769,7.7667,9.0885,8.5452,8.727,6.9548,6.7023,8.1694,13.6541,7.0333,7.0602,7.0275,11.0857,7.3726,8.7764,9.4014,7.5205,9.5337,8.1209,8.8191,6.8259,6.8093,11.3419,10.6608,10.7385,9.8265,7.417,9.6582,8.5896,8.2348,7.7045,9.2431,5.1005,6.8645,10.1512,11.3955,5.7348,6.5059
HF1502,8.6085,6.1209,6.8933,7.1509,7.1647,7.7934,7.0304,6.3457,6.49,7.624,9.7286,6.3328,7.6139,7.9363,10.963,7.8799,8.0439,9.4983,8.0885,9.5807,7.9047,8.2175,7.0702,7.2566,9.0348,8.2709,8.5594,8.3545,6.7866,7.9308,8.499,7.1045,8.0318,7.1393,5.1174,7.3434,8.8026,11.395,6.2916,6.0364
HF1509,9.5718,5.9898,7.2452,6.9745,8.8925,8.4777,6.7338,5.717,7.3734,8.1301,11.0252,7.355,7.7502,8.8155,10.7008,7.4794,8.8998,9.7791,8.8747,9.2757,8.448,8.5442,6.9195,6.7891,9.9227,10.286,9.981,9.3466,10.1956,13.7488,10.6467,7.4599,7.2006,7.2825,6.5259,10.4708,13.1584,13.1514,9.1222,6.8617
HF1511,8.6172,6.057,7.4095,7.2159,7.5941,8.1909,6.7467,6.2569,6.4484,8.0841,9.9149,6.3771,7.6689,7.9033,10.6489,7.7468,8.7661,9.7281,8.4044,9.4804,8.5696,8.3526,6.6008,6.9775,10.0657,9.1822,9.7355,8.2059,7.7214,8.3947,8.3948,7.0859,7.9964,8.521,4.8231,7.5925,9.6836,11.0691,6.7677,6.3582
HF1517,11.6139,6.1655,7.2349,7.6802,9.0854,8.5572,6.831,8.5356,6.6846,7.9756,11.0676,8.1593,6.9059,6.8983,10.3165,7.7379,9.4538,9.5706,8.3489,9.6107,8.1319,8.5726,7.0756,6.3255,9.2861,10.9388,9.5967,10.3207,9.5008,12.9473,12.3586,7.9785,7.53,7.1367,7.6143,9.8379,12.679,13.6172,8.3463,7.0043
HF1534,9.8017,5.9984,6.934,7.2011,8.6576,8.0386,6.8607,5.6485,6.9603,8.1059,10.9428,6.0856,7.3399,8.2062,10.8507,7.3089,8.6473,8.9212,8.5877,9.5791,8.615,9.8599,6.727,7.1592,10.1779,12.2553,10.0438,9.4178,9.3592,13.4931,9.7266,6.9509,7.9022,7.1017,4.9519,9.4816,12.0484,12.0982,8.5895,7.1717
HF1538,10.2755,6.2501,7.1464,7.0496,7.8074,8.067,6.7843,5.7261,6.6941,7.918,10.3148,6.6223,7.827,7.3634,9.3721,7.7588,8.9255,9.1627,8.2198,9.2787,8.3009,8.4805,6.7164,6.2723,8.374,12.1478,9.0839,8.8503,9.6945,13.9572,12.5422,7.6026,7.2478,7.1585,7.3774,10.673,13.1178,13.0461,9.389,7.0381
HF1540,11.0579,6.2039,7.5409,7.3202,9.1274,8.7432,6.8533,6.1488,6.8401,8.1855,10.6307,7.5977,7.7565,8.2553,10.1559,7.4811,8.8348,8.5717,8.0589,9.8575,8.5391,8.508,6.8217,6.5394,8.7348,12.6431,9.6142,9.8084,11.4867,13.4909,12.4845,7.429,6.7362,7.0559,8.2648,9.6811,13.1116,13.5674,9.0616,7.188
HF1551,9.2374,6.3434,7.2338,7.4366,8.5047,8.3707,6.7864,6.3833,6.6457,8.4517,10.6153,6.4467,6.7245,8.05,10.9847,7.5987,8.9288,10.1558,8.6691,8.7663,8.6717,9.1508,6.8103,6.3887,11.2488,10.1723,10.0661,8.9676,8.0436,7.8338,8.297,6.9673,8.3946,9.413,4.8265,6.4016,8.3186,10.9126,6.3727,6.5987
HF1568,8.7931,6.2016,7.2747,7.1991,7.7477,8.4748,6.894,7.5342,6.6359,8.3427,9.9694,6.4787,6.9038,7.8453,10.9799,7.604,8.8333,9.7158,7.4073,9.2139,8.9049,9.0094,6.727,6.8225,10.733,10.7437,10.6577,8.6813,8.1459,6.6966,8.3399,6.9033,8.1524,8.3806,4.8605,6.8837,7.6281,10.4874,6.9147,6.2869
HF1581,9.3558,6.0884,6.9191,7.221,7.9502,7.4288,6.9986,7.0941,6.8825,7.9771,10.4853,6.2281,7.2663,7.2746,10.8036,7.5151,8.2757,10.3878,8.2719,9.6103,8.8511,9.3292,6.7683,6.7983,10.0105,11.5193,10.8614,8.922,8.7168,10.4371,8.5701,6.8056,8.2037,7.4449,4.9371,6.5962,11.0913,12.3713,8.7596,7.0998
HF1585,8.4923,6.202,7.2826,6.9597,7.823,8.0655,7.6019,7.1487,6.6714,7.8795,10.2544,6.356,7.4263,6.3945,10.3985,7.569,8.575,9.955,8.1221,9.6103,8.6891,7.9565,7.0619,6.8318,7.9027,12.3356,9.4928,8.79,9.8925,14.1941,11.2484,7.4474,7.3413,7.2327,4.9566,8.8731,12.5036,12.7114,8.2783,6.9549
HF1587,9.0927,6.0972,7.504,7.1094,7.9999,8.1804,6.8617,5.9294,6.5914,8.0981,10.4874,6.2679,7.3072,8.5103,11.2481,7.8847,8.7104,9.557,8.3531,9.0773,8.7384,8.7778,6.6417,6.5538,10.6105,8.0292,9.1761,8.8004,6.8769,6.7576,8.3795,6.9756,7.9861,8.5377,4.9987,7.7424,8.1411,10.6667,6.3359,6.1832
HF1588,10.2245,6.1717,7.0722,7.2146,7.8746,8.041,6.8873,6.6039,6.6909,8.3065,10.8169,6.8758,7.1813,7.5195,11.2256,7.3393,8.7056,9.1356,7.9789,8.8771,7.2785,8.8269,6.8591,6.5043,10.8249,9.6886,9.994,8.8966,6.7893,6.1229,8.3042,7.6704,8.0453,8.6049,5.0435,7.0854,9.4969,10.4584,5.8504,6.7493
HF1589,10.6781,6.0817,7.0984,7.2614,8.6885,8.5778,6.5023,5.4732,6.524,8.1842,10.7575,7.1589,7.1973,7.6349,10.2187,7.674,9.1454,9.2229,8.5864,9.1835,8.6933,8.6428,6.8376,7.0943,9.1547,11.636,10.2529,10.4033,10.0167,13.9593,12.6564,7.6239,7.3702,6.9183,8.3866,10.8437,13.0326,13.1978,8.9338,7.037
HF1606,8.8644,6.2249,7.0959,7.1185,8.0135,8.1791,7.052,6.8664,6.5625,7.783,10.246,6.656,6.8113,7.3397,10.6734,7.9423,8.9366,9.3066,7.6561,9.4265,9.0075,8.968,6.7239,6.8359,9.7306,10.5362,10.8434,8.998,8.533,7.7751,8.2314,6.7619,8.6724,8.5312,5.0713,6.5514,8.698,11.0336,6.4408,6.1163
HF1608,11.1788,6.3892,7.4054,7.4796,9.5439,8.8664,6.5437,5.6267,6.6941,8.3289,11.508,8.4184,7.6993,7.0803,9.6549,7.5052,10.1623,9.8715,8.6657,9.5881,8.6469,9.6096,6.8048,7.265,10.5196,11.9291,10.6136,9.804,10.8903,13.8822,10.2531,8.9511,8.2421,8.0392,5.0979,8.8665,12.5928,13.2713,8.9302,7.1894
HF1613,9.0745,6.1345,7.0523,7.2383,8.9958,8.1424,6.8234,6.871,6.6236,8.2116,11.1964,6.3437,6.7827,8.0225,11.3301,7.3881,8.7344,9.7342,8.0143,9.4894,8.7896,9.3995,6.7548,7.1084,11.0747,10.33,10.2397,9.5738,8.1224,5.6256,8.3015,6.9012,9.0804,8.8947,4.7908,7.9603,9.6457,11.5066,7.0184,6.0169
HF1618,10.9765,6.2563,7.1454,7.3496,9.0472,8.7123,6.8133,5.7495,6.7687,8.4939,12.7165,7.1588,6.7856,7.172,9.4301,7.4834,9.8759,9.2641,8.045,9.4667,8.7646,9.3509,6.7594,6.4197,9.5929,10.5039,10.9474,9.6917,10.0926,13.8428,12.8358,7.7967,7.2591,7.2923,5.8043,9.8457,13.1053,12.7131,9.2093,7.1331
HF1628,11.6961,6.3874,7.6643,7.2074,9.5498,8.938,6.8615,5.5644,6.6636,8.3543,11.2726,7.2675,6.4036,7.5632,10.5858,7.6251,10.0014,9.5785,8.1589,9.7119,8.973,9.0878,8.453,6.2869,10.3795,10.4582,11.0537,10.5708,8.2847,10.7285,11.0566,8.6467,7.72,8.0166,4.8378,9.0856,12.3726,12.8622,8.4047,6.8607
HF1640,8.4036,5.9875,6.7568,7.0944,6.4831,7.6355,7.4225,5.9614,6.8277,7.6664,9.2155,6.6031,7.8256,7.8209,10.8513,7.9431,7.5247,9.2762,8.1109,9.7636,7.8483,7.8193,7.0677,6.9623,8.3821,7.8223,8.9701,8.1033,6.8868,9.7991,8.786,7.0449,7.7642,7.2775,5.0863,7.5568,8.6471,11.0465,6.5614,6.239
HF1667,8.6752,6.2299,6.9175,7.1555,6.7017,7.712,7.0137,6.3225,6.628,7.626,9.5485,6.611,7.6214,7.4367,10.5533,7.7393,7.5533,9.375,8.1486,9.5476,8.3247,8.1032,6.9755,7.093,9.6085,9.2136,9.5168,8.2715,7.5693,11.2784,8.2875,6.9016,7.7567,7.2429,4.8223,8.3068,9.6827,11.0791,7.6405,6.2669
HF1671,8.156,6.5326,7.1779,6.9061,8.3428,8.3616,6.984,5.7847,6.963,7.6562,10.2908,6.3189,7.3246,6.964,10.1972,7.4899,9.0264,9.2869,7.5836,9.5735,8.7263,8.8018,7.1039,7.2718,9.2025,11.7063,9.7419,9.3509,7.9081,13.0382,10.0652,7.9952,8.0099,7.6056,5.2662,7.8496,11.7466,12.285,8.0845,6.9031
HF1677,9.9497,6.4595,7.1104,7.6854,8.0086,7.8106,7.0695,6.3329,6.8216,8.2463,10.396,6.8605,7.246,7.8766,11.1945,7.8411,8.494,9.2186,9.1269,9.0056,8.2507,9.025,6.8383,6.154,10.9607,9.8438,10.0086,8.7628,8.2607,7.4804,8.5564,7.3099,8.4839,8.9739,5.0479,6.8345,7.4932,10.7953,5.7998,6.4229
HF1702,8.2866,6.3096,6.8964,7.3045,7.8162,8.8463,6.5614,5.6038,6.656,8.2401,10.8909,6.5744,7.5959,7.3312,10.4054,7.2225,8.7637,10.2303,7.9627,9.0868,8.8024,8.8707,6.7345,6.2697,10.0797,12.1116,10.2441,9.2444,9.9867,13.1724,11.9451,7.8349,7.9905,7.9141,5.1263,8.3862,11.2664,12.5906,7.5722,7.0382
HF1708,8.5244,6.1493,7.7956,7.2388,7.0431,8.1188,6.6598,6.2971,6.7362,7.9392,9.9703,5.8362,6.5191,7.9899,9.8388,7.5954,7.8819,9.0952,8.7422,9.5379,8.6737,8.4423,6.7002,7.7467,7.7036,10.4729,8.8618,8.7841,9.2188,8.2195,8.5543,6.7771,8.1653,7.0969,4.9962,7.7941,10.3614,12.0413,5.8261,6.4505
MD508984,7.5915,6.9649,7.5879,7.7361,10.0223,9.3228,6.7444,5.4638,6.801,8.3269,11.6966,7.3303,8.6666,7.5677,9.8811,7.1362,8.8143,9.3643,8.0007,9.6061,9.3786,9.2113,6.7661,6.0372,11.4383,10.0275,10.9605,10.373,8.2501,10.4605,10.7776,9.7924,7.5725,8.0261,6.5207,8.5336,12.255,12.7776,7.8539,6.4728
MD545226,8.8014,6.9134,7.9704,7.4699,8.6874,8.2933,8.0547,6.578,6.8041,8.5832,12.0995,6.6718,7.0185,7.3888,10.2995,7.0109,9.3869,9.5111,7.6945,9.5533,9.4202,8.7431,6.7049,7.6,10.8243,10.0791,10.5222,8.9688,7.2305,8.3793,10.2472,9.5133,8.6516,7.8727,4.936,7.1429,11.0466,10.9625,7.1132,6.6306
MD549279,9.0066,6.0949,7.3223,7.1107,8.5113,8.1715,6.8406,7.5028,6.589,8.1948,10.6931,6.2134,7.1898,7.8161,11.026,7.4772,8.6114,9.8812,8.1284,9.2105,8.8804,9.1363,6.7737,5.9734,11.1342,11.2751,10.6552,8.7364,8.6406,8.2197,8.3791,7.4644,8.6305,8.4278,4.9498,8.6493,8.3465,10.589,7.0412,6.196
MD550239,10.0384,5.9974,6.5716,7.2959,8.3028,8.215,7.6149,7.4037,6.7782,8.13,13.1265,6.2925,7.2979,7.0737,11.3011,7.8024,8.5004,9.5358,9.0213,9.5017,8.9435,9.0667,6.8227,6.757,9.7567,11.3382,11.0874,9.7615,8.373,10.9191,8.7184,7.2192,8.0525,7.2474,5.6743,7.2701,10.6632,11.4798,8.0397,7.1071
MD550715,8.8564,6.6675,6.9022,7.3622,7.857,7.8875,7.179,7.4392,6.6519,8.021,9.6916,6.7653,7.2553,7.3453,10.3628,7.5496,8.5516,9.9139,7.287,9.316,8.8272,9.1134,7.0107,6.5566,8.9402,9.7307,10.0319,8.5147,6.9445,6.8185,8.407,6.9389,8.7217,7.4111,5.0368,7.4152,7.4524,9.9477,5.8313,6.3732
MD554082,10.3063,6.1273,7.2633,7.3723,8.7957,8.8092,6.6956,5.5812,6.5873,8.5535,11.4443,8.6808,6.6152,7.4774,10.0911,7.3058,10.412,9.7918,8.5327,9.3444,9.4031,9.325,6.8383,5.6124,10.0249,10.7023,11.109,9.306,7.3998,12.369,10.3686,9.3131,7.914,8.5662,7.9704,8.0084,11.3454,12.5759,8.1044,6.3465
MD602958,7.9682,6.4663,7.7472,7.1969,8.6461,8.984,6.8098,5.917,6.6483,8.029,10.5253,6.5856,7.8743,7.099,9.2834,7.207,8.8964,9.6148,7.9143,9.1142,8.6369,8.1795,6.5705,7.5994,8.4134,11.1356,9.4481,8.9139,10.2793,12.6347,10.3646,7.571,6.6856,7.1073,8.6842,11.5676,12.8926,13.3849,9.9474,7.7074
MD607103,9.0079,6.1132,7.9125,7.1407,8.3394,8.3942,6.7768,5.8502,7.052,7.9724,10.8068,6.713,9.0813,7.3178,9.5295,7.6267,8.9119,9.471,7.514,9.1635,8.3919,8.0814,6.6402,7.1629,7.4137,9.9274,9.598,8.9558,11.6209,13.7853,12.4332,7.8678,6.8938,6.8418,7.0525,13.0917,14.5217,13.9919,9.7776,7.5136
MD607216,8.0884,6.1505,6.481,7.1338,9.1327,9.2401,6.9317,5.7292,6.901,7.9729,11.2312,8.0401,8.084,7.3041,9.0006,7.2896,8.4951,9.1007,7.9504,9.3787,7.5501,8.5613,6.7119,7.0895,9.1532,9.1242,10.2136,9.8958,9.7169,13.3887,11.9988,8.5943,6.895,7.1432,9.0745,10.9857,14.0615,13.4256,8.2341,7.1336
MD608660,8.7012,6.7329,7.211,7.3122,8.1876,8.5292,6.8061,5.5102,6.6189,8.2655,10.5572,7.2594,7.2866,7.0911,10.3788,7.2861,9.0076,9.2731,8.9287,9.8715,8.4018,8.7772,6.8994,6.5036,7.8561,12.4564,10.1546,10.5575,12.013,13.7805,12.839,7.4255,7.168,7.3222,6.2695,10.6685,12.2125,13.5907,9.176,6.8637
MD621233,9.7619,6.3967,6.3567,7.132,7.9453,7.7567,6.9213,5.7171,6.935,7.8296,10.5052,6.7572,6.5972,6.8377,10.3272,7.2569,8.3174,9.2795,7.497,8.7307,6.9226,8.884,7.1744,7.2246,10.5093,10.4696,9.9461,8.6962,7.1414,6.1646,8.5326,7.6525,8.2856,8.7822,5.5763,6.4706,8.4819,11.148,6.705,6.562
