y_true,prob__base_rate,prob__logistic_age_grade,prob__penalised_logistic,prob__random_forest,prob__hist_gboost,prob__tf_compact,prob__tf_medium,prob__tf_regularised
1,0.3842364532019704,0.3009796648155479,0.30622989201901135,0.6806962810323486,0.7723108638301227,0.66623205,0.64349216,0.42441678
1,0.3842364532019704,0.3009796648155479,0.40365699451345627,0.6041407483813052,0.4219490739702244,0.47628427,0.64494324,0.5526176
1,0.3842364532019704,0.3009796648155479,0.026615952663854654,0.10838880636906964,0.0016465618323893197,0.0115934685,0.0005213123,0.0110323075
1,0.3842364532019704,0.3009796648155479,0.6730205552321378,0.7384478319582034,0.7013536441749109,0.7231909,0.9269312,0.8153682
1,0.3842364532019704,0.3009796648155479,0.0008065144350503649,0.04096718004218005,0.0030363179214427643,0.00549569,2.490227e-05,0.000422204
1,0.3842364532019704,0.3009796648155479,0.7120494121621741,0.7715688420712415,0.37229839828359157,0.75303644,0.9568203,0.91276336
1,0.3842364532019704,0.07258121184976578,0.0007371656059845645,0.09242555304172952,0.005539848829951131,0.0026340503,7.154779e-05,0.0010877417
1,0.3842364532019704,0.3009796648155479,0.8733958511769944,0.8046743778753063,0.8680481262142185,0.91658247,0.95979017,0.95017177
1,0.3842364532019704,0.3009796648155479,0.192674232942673,0.6021129160055626,0.472826140497058,0.599587,0.3280347,0.11932314
1,0.3842364532019704,0.3009796648155479,0.056252011962834914,0.06266823731823731,0.0028355379282933094,0.0334416,0.0007658039,0.0031584632
1,0.3842364532019704,0.3009796648155479,0.6734988853001306,0.6396528634763936,0.6921187360317035,0.79498273,0.96460223,0.89566237
1,0.3842364532019704,0.07258121184976578,0.01823568026183214,0.08684807291951255,0.002909796930192633,0.011203302,0.00016993038,0.00452867
1,0.3842364532019704,0.3009796648155479,0.682520892249948,0.7745464763306872,0.9440019886823147,0.70958114,0.90048784,0.84452134
1,0.3842364532019704,0.3009796648155479,0.48816735123335375,0.39735159891707883,0.004477694329944922,0.6257799,0.011123013,0.70404893
1,0.3842364532019704,0.3009796648155479,0.474473034221487,0.6938800241296375,0.8513774017357011,0.4991982,0.9474654,0.9224805
1,0.3842364532019704,0.3009796648155479,0.4371257575461156,0.5750715929065778,0.8326166780533564,0.5657323,0.86814773,0.6184015
1,0.3842364532019704,0.3009796648155479,0.3595521314902756,0.6517457324409339,0.6658973408738176,0.46616045,0.941756,0.64832747
1,0.3842364532019704,0.3009796648155479,0.02815143267351675,0.08562366522366521,0.004871701245053195,0.004055355,0.0005020115,0.005371798
1,0.3842364532019704,0.3009796648155479,0.653459130075741,0.7361935355150524,0.7450144890215409,0.7017789,0.7932441,0.70178384
1,0.3842364532019704,0.3009796648155479,0.028683470293862024,0.5186175227421359,0.27496942217266346,0.6605606,0.20660491,0.097195305
1,0.3842364532019704,0.3009796648155479,0.32849574974812795,0.30734868628103934,0.023431911166052595,0.7417756,0.26345578,0.54767525
1,0.3842364532019704,0.3009796648155479,0.19395615245688047,0.5486048048356872,0.9203546369798685,0.73042786,0.78688586,0.23401101
1,0.3842364532019704,0.3009796648155479,0.004391936151492195,0.1011948273948274,0.0049586847814530625,0.0014580311,2.4466408e-05,0.0033903937
1,0.3842364532019704,0.3009796648155479,0.7576965590822717,0.813940839191768,0.9575720935761836,0.78872484,0.91994894,0.9675173
1,0.3842364532019704,0.07258121184976578,0.00705115498954524,0.06957123154623153,0.0064386966017003265,0.0046929535,0.0018095246,0.003365136
1,0.3842364532019704,0.07258121184976578,0.0012906655333048437,0.0692425740925741,0.0032166025728822614,0.0020116793,3.9802344e-06,0.00034645852
1,0.3842364532019704,0.07258121184976578,0.10592479404191828,0.07760839438339438,0.005388161924612787,0.11640761,0.008048774,0.010590594
1,0.3842364532019704,0.3009796648155479,0.17281812224400692,0.5023687870952577,0.4640857946334135,0.2791855,0.15464012,0.12189287
1,0.3842364532019704,0.3009796648155479,0.2181310461381338,0.7321320383520847,0.769725060916537,0.6234787,0.7380605,0.56271315
1,0.3842364532019704,0.3009796648155479,0.2470963292503965,0.6107079115500941,0.5658986222678122,0.6212684,0.544737,0.79897547
1,0.3842364532019704,0.3009796648155479,0.7206264900838848,0.6489569615283236,0.9602378326011725,0.86178076,0.9154658,0.846155
1,0.3842364532019704,0.3009796648155479,0.16630445609631456,0.47569766916949613,0.6914237280036671,0.7308992,0.3753797,0.38130042
1,0.3842364532019704,0.3009796648155479,0.868081233206774,0.7637777337987088,0.920848961740298,0.9371286,0.7366301,0.6345722
1,0.3842364532019704,0.3009796648155479,0.32297707414470506,0.764677109002109,0.7852884396219744,0.7580769,0.66417533,0.6240866
1,0.3842364532019704,0.3009796648155479,0.004351856822397246,0.19463079572646141,0.0020796742520893382,0.22676884,0.0018735977,0.009885266
1,0.3842364532019704,0.3009796648155479,0.7133266461663927,0.7396511724859249,0.9657444839923602,0.93928,0.88616467,0.9679331
1,0.3842364532019704,0.07258121184976578,0.004274866644199795,0.02492621267621268,0.00582983794229714,0.007976267,0.00034533202,0.0046426747
1,0.3842364532019704,0.3009796648155479,0.10866000765935678,0.5410763861955037,0.8081286451078941,0.36628282,0.49513415,0.4229819
1,0.3842364532019704,0.3009796648155479,0.013627368617876928,0.10126263377145732,0.0077997140346478325,0.0055778925,0.00031459384,0.0054134065
1,0.3842364532019704,0.3009796648155479,0.00843675708475468,0.019169019869019862,0.0020339683396808678,0.004358459,0.00031520386,0.0046591363
1,0.3842364532019704,0.3009796648155479,0.2779470655164713,0.7303500636618278,0.7073955530777819,0.68797183,0.6587506,0.61929625
1,0.3842364532019704,0.3009796648155479,0.0030347565361563923,0.08802911989970817,0.0021131855554435038,0.006095667,7.333053e-05,0.0035172845
1,0.3842364532019704,0.3009796648155479,0.15236632240494147,0.4280850220556874,0.2988129678580576,0.31912398,0.1758707,0.18324362
1,0.3842364532019704,0.3009796648155479,0.8211062714416801,0.785393514294443,0.9441046934691754,0.88061255,0.91905546,0.9718466
1,0.3842364532019704,0.3009796648155479,0.9082793091397693,0.4435503527518232,0.3315052344783891,0.87663823,0.7013477,0.81787103
0,0.3842364532019704,0.3009796648155479,0.04977630473147613,0.14908211331152504,0.012580468020576326,0.0064945,0.0019492783,0.0104860505
0,0.3842364532019704,0.3009796648155479,0.4140579128198958,0.7707399156399154,0.7486424164818246,0.6068166,0.7559762,0.6006076
1,0.3842364532019704,0.703167030604351,0.013121887434503883,0.1256752484357747,0.01070179878781949,0.2691362,0.100614086,0.11952547
1,0.3842364532019704,0.3009796648155479,0.0731017458030377,0.537024736116996,0.10858614078782201,0.3028997,0.41258183,0.14451101
0,0.3842364532019704,0.3009796648155479,0.4413152277137756,0.7484897486500433,0.6371317603281775,0.83909446,0.91669285,0.6911249
1,0.3842364532019704,0.3009796648155479,0.0846523233344976,0.49450434226935797,0.013436386296235852,0.5396172,0.6788478,0.29016927
0,0.3842364532019704,0.703167030604351,0.008194701947225297,0.06597957320457318,0.0006571980633348484,0.0034248158,3.585617e-05,0.0026069498
0,0.3842364532019704,0.3009796648155479,0.10329896766783568,0.22378747870636417,0.07478985737139528,0.48211378,0.663941,0.17629081
0,0.3842364532019704,0.703167030604351,0.7940044529583559,0.431219661710838,0.6411547725685647,0.48692584,0.7144461,0.43876666
0,0.3842364532019704,0.3009796648155479,0.6553797556469793,0.6265788125617076,0.6021633202578587,0.76626116,0.93433565,0.7328663
1,0.3842364532019704,0.3009796648155479,0.09095042454678051,0.597103061987892,0.7486300960982377,0.6050245,0.71915257,0.2421144
0,0.3842364532019704,0.07258121184976578,0.052670382363634624,0.06329532412032413,0.0024310058307608277,0.013141414,0.00024401263,0.0017268935
0,0.3842364532019704,0.3009796648155479,0.008648395544851523,0.050108852258852254,0.0014374315518863503,0.004966748,3.4359437e-05,0.00066776865
0,0.3842364532019704,0.3009796648155479,0.7361522433864857,0.6264963702276394,0.8842082039253518,0.87075883,0.93194884,0.8378561
0,0.3842364532019704,0.3009796648155479,0.9603112464901049,0.5480631940900518,0.8486593076525369,0.5329252,0.9880034,0.7713068
1,0.3842364532019704,0.703167030604351,0.9051345757247946,0.7015881025836906,0.8645905863477326,0.88357586,0.9712179,0.978358
1,0.3842364532019704,0.3009796648155479,0.30321537862942716,0.18243492825543925,0.0845920035690008,0.14807017,0.16146293,0.23949686
0,0.3842364532019704,0.07258121184976578,0.14215662239822255,0.29597331487741696,0.04481044610782081,0.22287449,0.035316143,0.18951382
1,0.3842364532019704,0.703167030604351,0.8565071924061931,0.7280464493796537,0.9684610085791657,0.93236583,0.9306395,0.7229241
1,0.3842364532019704,0.703167030604351,0.6511650959568744,0.595782036393259,0.5150523619642224,0.5569747,0.8876787,0.6202598
1,0.3842364532019704,0.3009796648155479,0.5947999977930966,0.6789438129895559,0.9348959761534984,0.94618565,0.9377639,0.6892146
1,0.3842364532019704,0.3009796648155479,0.08481854501789955,0.2671984928899792,0.14869636183935844,0.23546274,0.5489722,0.09789123
0,0.3842364532019704,0.3009796648155479,0.021891679562483484,0.1548720677499316,0.05717769303060232,0.1501286,0.035409838,0.08176768
1,0.3842364532019704,0.3009796648155479,0.040905877596669186,0.1786051868925707,0.035802628837119946,0.07490895,0.0442183,0.023045799
1,0.3842364532019704,0.703167030604351,0.41176152872032473,0.7201433545556608,0.8239232264134962,0.8760392,0.8792653,0.82759297
0,0.3842364532019704,0.703167030604351,0.0861213420578748,0.23349276136660052,0.021590319560088757,0.3202783,0.06928905,0.07274229
1,0.3842364532019704,0.703167030604351,0.7589957398707018,0.7326178239373283,0.7554805695894653,0.9003213,0.8305313,0.8211314
1,0.3842364532019704,0.703167030604351,0.5224336236743125,0.705385824246273,0.8251648649741061,0.76672226,0.93874407,0.72530055
0,0.3842364532019704,0.703167030604351,0.1845234611037084,0.4643223432827923,0.16998332800790486,0.8585514,0.8249513,0.33303583
1,0.3842364532019704,0.703167030604351,0.4598158564140487,0.6274838636681513,0.22434274368718363,0.85586315,0.90434694,0.50155836
1,0.3842364532019704,0.703167030604351,0.6271732792848086,0.5967105308090598,0.9700515056979914,0.59578633,0.93609256,0.9031
0,0.3842364532019704,0.703167030604351,0.9789934656049057,0.7484473698815807,0.6961359536239613,0.9685358,0.9580299,0.97847795
1,0.3842364532019704,0.3009796648155479,0.2290337020498066,0.6501847363506807,0.9092757381655179,0.46866736,0.49114972,0.5191575
0,0.3842364532019704,0.3009796648155479,0.01675089950423038,0.17939910048671673,0.007189925613160296,0.026537616,0.0054932423,0.017012548
1,0.3842364532019704,0.703167030604351,0.19160336198950964,0.47231154708724365,0.09936184719037883,0.38623598,0.4461454,0.14960882
1,0.3842364532019704,0.703167030604351,0.3728169116193362,0.6152002504719222,0.7884430252342252,0.82084,0.901932,0.57847154
1,0.3842364532019704,0.703167030604351,0.5204088900467466,0.7298109162423403,0.7761681384712413,0.8985223,0.8707399,0.8235251
0,0.3842364532019704,0.3009796648155479,0.5519878865885911,0.21397807143836564,0.010589778156245618,0.501804,0.30288607,0.11839659
0,0.3842364532019704,0.07258121184976578,0.06760188193598572,0.45166892434191225,0.23637745969223486,0.25454715,0.117568195,0.16142896
0,0.3842364532019704,0.3009796648155479,0.09353218632254355,0.23988079180021904,0.38352561121136425,0.14657718,0.08110444,0.09124273
1,0.3842364532019704,0.3009796648155479,0.20094735439941377,0.1322807644110277,0.011280113799775483,0.06594407,0.021620443,0.07786929
0,0.3842364532019704,0.07258121184976578,0.08060805749972724,0.16444762944314026,0.0993581947379381,0.113712996,0.04732915,0.014332678
0,0.3842364532019704,0.3009796648155479,0.0024941290466088317,0.06060414862914861,0.0006627763934783352,0.010724856,0.0003181075,0.00043851024
0,0.3842364532019704,0.07258121184976578,0.017726373888604045,0.05983567633776611,0.011000572349951436,0.023356076,0.004015666,0.03233596
0,0.3842364532019704,0.703167030604351,0.015918556148467433,0.0719834387834388,0.007915547092502865,0.04553906,0.0035717068,0.008481447
0,0.3842364532019704,0.703167030604351,0.1609131045038374,0.15623410886499126,0.011208851798068267,0.055741,0.006692823,0.064813755
0,0.3842364532019704,0.703167030604351,0.3107591794049679,0.5699429065258785,0.5685925225086951,0.4575765,0.6386672,0.4417242
1,0.3842364532019704,0.703167030604351,0.0831946881239959,0.5767112582120322,0.5432909479272736,0.3080021,0.46502355,0.2435225
0,0.3842364532019704,0.703167030604351,0.4583253114175031,0.8303026624304493,0.9390997713964586,0.84867495,0.81927276,0.91299576
1,0.3842364532019704,0.703167030604351,0.344327669706031,0.6717309170275885,0.733169258525137,0.64781773,0.7880172,0.5800042
0,0.3842364532019704,0.703167030604351,0.029186814481816863,0.18297874196666755,0.021359054451493706,0.20451908,0.025116919,0.03623882
0,0.3842364532019704,0.703167030604351,0.031213436416532233,0.2856445931187014,0.6343039632077161,0.18813862,0.33829784,0.09989136
1,0.3842364532019704,0.703167030604351,0.2347341252902188,0.5549980344646754,0.6827561808625118,0.57584983,0.24738576,0.21524444
1,0.3842364532019704,0.703167030604351,0.28426658889759876,0.7332476188070616,0.706409197036719,0.68390965,0.8092723,0.36066714
0,0.3842364532019704,0.3009796648155479,0.19796112296023938,0.22604886029003682,0.07879736482216837,0.025876256,0.017599294,0.0480188
0,0.3842364532019704,0.703167030604351,0.08054140230700321,0.3123505219926272,0.07447523685616282,0.7084815,0.011386956,0.15923874
0,0.3842364532019704,0.07258121184976578,0.001264699503791933,0.01876156898656899,0.0007565889566424186,0.001044374,6.0125767e-06,0.00038220815
1,0.3842364532019704,0.703167030604351,0.21804814211869594,0.580375343773873,0.22556077200878794,0.515737,0.28792647,0.3387815
0,0.3842364532019704,0.3009796648155479,0.002334403531733456,0.07848997742024054,0.0003910312754198131,0.0046957927,0.0006370044,0.0020953459
1,0.3842364532019704,0.3009796648155479,0.08191067136739905,0.23354580386933332,0.0419023716357257,0.20648144,0.1052706,0.3857933
1,0.3842364532019704,0.3009796648155479,0.07167111732837765,0.50512851390096,0.29526419551928357,0.21491683,0.023868479,0.13025394
1,0.3842364532019704,0.703167030604351,0.3508446230961319,0.6682320961718019,0.3719546411586777,0.6455482,0.9128852,0.603243
1,0.3842364532019704,0.703167030604351,0.6427248339809417,0.8042164442282863,0.8803768562365639,0.84028447,0.9198638,0.9289128
1,0.3842364532019704,0.3009796648155479,0.022658923644170038,0.1831637467881276,0.011011038352377362,0.04477086,0.019372223,0.008030297
0,0.3842364532019704,0.703167030604351,0.11327426300558284,0.5712661096986947,0.6649783147553127,0.582814,0.7835569,0.36717525
0,0.3842364532019704,0.3009796648155479,0.1095531513834972,0.19618502428943616,0.006593604484817153,0.21395192,0.65671426,0.07357269
0,0.3842364532019704,0.3009796648155479,0.4787880710095485,0.19612531812013245,0.013029251529469592,0.29751265,0.21030658,0.19129476
0,0.3842364532019704,0.3009796648155479,0.03801044191786487,0.1350685282811445,0.003108544449855529,0.039602462,0.02271368,0.019320227
0,0.3842364532019704,0.07258121184976578,0.002229856260895312,0.05468525363525365,0.001984380416039947,0.0013013853,1.1871099e-06,0.00048323968
0,0.3842364532019704,0.07258121184976578,0.0038777536068430435,0.09038146575646577,0.002128672998835725,0.0025328042,4.2973334e-06,0.0038717077
0,0.3842364532019704,0.3009796648155479,0.004497610215035491,0.05605575535575536,0.0026918164179437687,0.010842619,0.0011189145,0.0024561838
0,0.3842364532019704,0.3009796648155479,0.057238207318293606,0.17841775675305105,0.059877506907260486,0.10756027,0.01014554,0.02317521
0,0.3842364532019704,0.703167030604351,0.061679159995342514,0.5380247873041992,0.31573630233818645,0.24970259,0.20366618,0.17669593
1,0.3842364532019704,0.3009796648155479,0.43726509775920136,0.6115584536378651,0.4682814212835979,0.8469111,0.8645044,0.89998245
0,0.3842364532019704,0.3009796648155479,0.4444733438892663,0.1166421798531706,0.02220027915564659,0.2884313,0.2622526,0.22053276
0,0.3842364532019704,0.3009796648155479,0.1179999721660633,0.1342693341745974,0.0013255120873279936,0.0140744215,0.007943576,0.025408333
1,0.3842364532019704,0.3009796648155479,0.24929653109901437,0.34124777318484745,0.17440247181415397,0.3470344,0.1401922,0.21682954
0,0.3842364532019704,0.703167030604351,0.4270031591965278,0.6379050886677825,0.4557433443470891,0.75383586,0.7655908,0.5109355
1,0.3842364532019704,0.3009796648155479,0.5432863892512796,0.7915177982148569,0.9693391602735639,0.5034932,0.8341867,0.856146
1,0.3842364532019704,0.3009796648155479,0.0056121105045005715,0.09168770191796513,0.0013539226636674643,0.008938717,0.00069209054,0.006435344
0,0.3842364532019704,0.3009796648155479,0.011815306216227282,0.06095539460539458,0.00040702902375234915,0.0058936775,0.00034372197,0.002652667
1,0.3842364532019704,0.3009796648155479,0.3675995344926925,0.5289065240315237,0.45842969674954415,0.3440921,0.06548649,0.20455846
1,0.3842364532019704,0.703167030604351,0.7049767135840013,0.82047362755064,0.852430801018428,0.8947872,0.93906564,0.9505522
0,0.3842364532019704,0.3009796648155479,0.07289444218902445,0.20908688386776628,0.03391249754401105,0.008051017,0.0026776788,0.032385234
0,0.3842364532019704,0.3009796648155479,0.03917668061525297,0.15853495335933426,0.003821953032046346,0.030332029,0.002999215,0.0051228576
1,0.3842364532019704,0.3009796648155479,0.8443407575851352,0.2809023579791382,0.2855356968790204,0.37235406,0.23416774,0.67466766
1,0.3842364532019704,0.703167030604351,0.6048189172406936,0.7956030255348361,0.79379472266589,0.8774576,0.9764038,0.8701982
1,0.3842364532019704,0.3009796648155479,0.7901026363840066,0.5413250509294628,0.9645335094059913,0.79470384,0.7017579,0.94076246
0,0.3842364532019704,0.3009796648155479,0.5918859432123562,0.6871826914571493,0.6673413004449952,0.69429433,0.88947415,0.7218622
1,0.3842364532019704,0.3009796648155479,0.4116939007339942,0.40098610075854635,0.42015504896181083,0.7693634,0.9695729,0.67236286
0,0.3842364532019704,0.703167030604351,0.9117001956561679,0.5892308053487618,0.6620003754300875,0.9408111,0.844764,0.9535715
1,0.3842364532019704,0.3009796648155479,0.6650492520608953,0.6763088532468564,0.9241538110371494,0.8885945,0.8139993,0.9854929
0,0.3842364532019704,0.3009796648155479,0.01993817843078304,0.11206874236874242,0.0028852254030354127,0.007327214,0.0013078679,0.0053592552
0,0.3842364532019704,0.3009796648155479,0.45190745008357536,0.6506742324668796,0.3004768614438837,0.8616796,0.9191545,0.8739833
0,0.3842364532019704,0.3009796648155479,0.03890391744249216,0.08616553446553443,0.0009632355065809586,0.025753945,0.0040507102,0.043947313
0,0.3842364532019704,0.3009796648155479,0.5002428668131582,0.6750243813547991,0.6536514130754718,0.6758667,0.93213934,0.5907404
1,0.3842364532019704,0.3009796648155479,0.8832909032433266,0.5517253741356685,0.6118197776358957,0.89710575,0.96288633,0.5751462
1,0.3842364532019704,0.3009796648155479,0.9492176607215229,0.329512849010295,0.49956173507027135,0.8397156,0.9806503,0.99703926
0,0.3842364532019704,0.3009796648155479,0.01617189232853998,0.03289114817930607,0.00376164752137895,0.01663077,0.0005617063,0.0021919312
0,0.3842364532019704,0.703167030604351,0.24211416235142086,0.25587462692106666,0.11158967361758612,0.13299955,0.17333071,0.119236775
0,0.3842364532019704,0.3009796648155479,0.011961121754938546,0.09822033522033523,0.00045240879956696034,0.023585195,0.0013947362,0.0067878114
0,0.3842364532019704,0.3009796648155479,0.13166765144197684,0.19751788921432886,0.0046090807538512945,0.11585653,0.059830967,0.12901922
0,0.3842364532019704,0.3009796648155479,0.10929521778126064,0.16280611846873475,0.02437937735980214,0.085020944,0.0459057,0.09924654
1,0.3842364532019704,0.3009796648155479,0.14905217508746332,0.47658977395153873,0.1846964088781716,0.4924684,0.08321411,0.35140508
1,0.3842364532019704,0.3009796648155479,0.5955716083531001,0.6412796888268251,0.8751802804847406,0.7294316,0.8583004,0.76833403
0,0.3842364532019704,0.3009796648155479,0.032222677114409015,0.16056769096916165,0.018195399371930075,0.14350882,0.059451587,0.012641025
1,0.3842364532019704,0.3009796648155479,0.23165674557685423,0.2549950563368519,0.01582389231324115,0.1602011,0.15235794,0.16577718
1,0.3842364532019704,0.3009796648155479,0.7387483269348087,0.48527375742592466,0.6031001226238868,0.75136054,0.8416632,0.9121996
1,0.3842364532019704,0.3009796648155479,0.48484993119106506,0.6952081405522583,0.9373946915495538,0.78378946,0.7766104,0.66426873
1,0.3842364532019704,0.3009796648155479,0.9352310219905223,0.7773151107062866,0.949941337546417,0.93611854,0.99200445,0.96636295
1,0.3842364532019704,0.3009796648155479,0.7929575457229651,0.7914416135807776,0.8782200424025512,0.80870706,0.9552514,0.6890679
1,0.3842364532019704,0.3009796648155479,0.5795864744249591,0.6679161332647404,0.364178181194542,0.80384713,0.9278039,0.85120004
1,0.3842364532019704,0.3009796648155479,0.08927063657380317,0.6225546866532162,0.37445290212751053,0.43019286,0.8851761,0.77190065
0,0.3842364532019704,0.3009796648155479,0.06260106800788832,0.30829265603677375,0.030247414788077773,0.20956598,0.46827534,0.5728458
1,0.3842364532019704,0.3009796648155479,0.9238759487011609,0.7435338641750405,0.7221677765768182,0.9546731,0.98319256,0.9830187
1,0.3842364532019704,0.3009796648155479,0.7260683939871185,0.7219444535512647,0.34591220337400613,0.9209434,0.9236199,0.8923876
0,0.3842364532019704,0.3009796648155479,0.11152498783474918,0.2571229766449581,0.0694979994917793,0.4465628,0.6106717,0.37383845
1,0.3842364532019704,0.3009796648155479,0.9162174533683175,0.849919710355005,0.9392903263037923,0.93252164,0.98022765,0.9945096
1,0.3842364532019704,0.3009796648155479,0.2058976007688266,0.4729104710734742,0.16788638268129505,0.13050827,0.049992662,0.19451173
1,0.3842364532019704,0.703167030604351,0.948966649773427,0.742642584359225,0.9113215858061734,0.945825,0.8191189,0.94550234
0,0.3842364532019704,0.703167030604351,0.13306679073542935,0.5781505589353885,0.3748959666012602,0.64774823,0.48618436,0.26670003
0,0.3842364532019704,0.07258121184976578,0.0920287385231202,0.14897145930265132,0.03227092390663118,0.12685996,0.0130175175,0.010535185
1,0.3842364532019704,0.703167030604351,0.9168467187442342,0.6563141518440274,0.8834408463103276,0.7971523,0.9675209,0.7279497
1,0.3842364532019704,0.3009796648155479,0.8664869879157572,0.47720802517915534,0.25272451910409854,0.94085556,0.4129219,0.64560854
1,0.3842364532019704,0.3009796648155479,0.9267303097654482,0.7808943807482502,0.9283250469057119,0.9685149,0.9738533,0.9395778
1,0.3842364532019704,0.3009796648155479,0.22193350569017595,0.19776280736807053,0.026312233810920998,0.07258816,0.08124475,0.07265775
1,0.3842364532019704,0.3009796648155479,0.7718207419790056,0.7307086233683757,0.8683906576076169,0.89337516,0.95965713,0.648108
1,0.3842364532019704,0.3009796648155479,0.10582542442445324,0.3684089379574673,0.4019678134177325,0.44158188,0.674132,0.65143234
1,0.3842364532019704,0.3009796648155479,0.8364610719984319,0.5592773644656,0.8549096125539811,0.82429236,0.97405946,0.9370478
0,0.3842364532019704,0.3009796648155479,0.005252535264891125,0.09254898230424548,0.02018442851451676,0.0068793967,0.0005306118,0.0031589484
0,0.3842364532019704,0.07258121184976578,0.002920275890702856,0.02090532800532801,0.00019365967776699509,0.0038964509,0.00022883047,0.0011625643
1,0.3842364532019704,0.703167030604351,0.5132098465856348,0.6294191621244252,0.8311541330265079,0.85084075,0.9579735,0.7665488
0,0.3842364532019704,0.07258121184976578,0.013642826638567218,0.05441400061926377,0.002063656211275357,0.00592021,0.0003147871,0.0024237542
1,0.3842364532019704,0.703167030604351,0.2466632260164329,0.6585774036335182,0.1887729054739036,0.60921204,0.67677677,0.45835868
0,0.3842364532019704,0.014025392911654921,0.00535715669178944,0.11834089288764212,0.04940811190254191,0.027591126,0.022676475,0.012713079
0,0.3842364532019704,0.703167030604351,0.0921355372531668,0.4766008117269731,0.3598531224214182,0.58873546,0.49813312,0.33657002
1,0.3842364532019704,0.703167030604351,0.38286084321677605,0.4570432797508651,0.18065844778879636,0.6685027,0.49872863,0.81939244
0,0.3842364532019704,0.3009796648155479,0.003081881127936234,0.03572419524919525,0.00039899056542444983,0.00420433,0.00022104174,0.00045945772
1,0.3842364532019704,0.3009796648155479,0.41316396102511327,0.462245505767023,0.09829167473338342,0.6196282,0.71843493,0.7262017
0,0.3842364532019704,0.3009796648155479,0.0786944177727389,0.2842896428734666,0.12071013110791046,0.05307495,0.06626268,0.04246744
1,0.3842364532019704,0.703167030604351,0.542198161290315,0.6898357882829238,0.9310324467509635,0.8078258,0.8971279,0.60471797
1,0.3842364532019704,0.703167030604351,0.7431104297866379,0.5063069228243378,0.387718471229168,0.6487551,0.72229093,0.88743585
0,0.3842364532019704,0.3009796648155479,0.0015589748764319805,0.025828998778998784,0.00028146879811401893,0.0019061636,1.1470147e-06,0.000326437
1,0.3842364532019704,0.703167030604351,0.08260788051146241,0.36771147284947614,0.016727880162736887,0.46637884,0.037886254,0.20187998
1,0.3842364532019704,0.3009796648155479,0.22147837328257783,0.6393832197901855,0.6698053554208449,0.591007,0.7185984,0.68764937
0,0.3842364532019704,0.07258121184976578,0.0020496471103811646,0.11646680663677572,0.01899419795357274,0.025768593,0.003777593,0.0011398835
1,0.3842364532019704,0.3009796648155479,0.5637776166306925,0.30067090605472946,0.28492267455159226,0.77150255,0.8354772,0.42462698
1,0.3842364532019704,0.3009796648155479,0.9768949468136626,0.47343191612309266,0.7821767970848523,0.78773266,0.9693824,0.93707705
0,0.3842364532019704,0.07258121184976578,0.013642826638567218,0.05441400061926377,0.002063656211275357,0.00592021,0.0003147871,0.0024237542
1,0.3842364532019704,0.014025392911654921,0.29341077783328495,0.45414105796164633,0.6216780266653984,0.47035447,0.57799035,0.6189961
1,0.3842364532019704,0.07258121184976578,0.028534890513854095,0.11551663964690286,0.009125308050198108,0.011465395,0.001806726,0.007649453
0,0.3842364532019704,0.07258121184976578,0.016816748262936228,0.0580386058386058,0.0007906782379187276,0.004736987,3.2017917e-05,0.001456484
0,0.3842364532019704,0.703167030604351,0.5422511623685234,0.6321264591617535,0.3532599979234918,0.51549184,0.5028932,0.45803958
0,0.3842364532019704,0.07258121184976578,0.0084550527607416,0.08831414565826329,0.0012163418745026536,0.014675399,0.020637203,0.00036243108
0,0.3842364532019704,0.07258121184976578,0.27160113613675707,0.2768666106425395,0.06772143823474583,0.31023479,0.24126452,0.5934057
1,0.3842364532019704,0.07258121184976578,0.9278553811185153,0.7852543301555683,0.9886445194661728,0.97934604,0.98532534,0.983837
1,0.3842364532019704,0.703167030604351,0.6568815432605848,0.7531891695421877,0.9655783157485663,0.8626299,0.86128956,0.88489884
1,0.3842364532019704,0.07258121184976578,0.009924362534608424,0.028134249084249087,0.002338494487995917,0.0042970157,0.00020641614,0.0017422945
0,0.3842364532019704,0.3009796648155479,0.23063721907852766,0.20392210240739664,0.07005258629602941,0.20975909,0.035549976,0.17846404
1,0.3842364532019704,0.703167030604351,0.07905201165432953,0.4175953427807142,0.46920513570001066,0.3329983,0.115583114,0.15311415
0,0.3842364532019704,0.703167030604351,0.8487596011875301,0.6755379398379393,0.9695082367031926,0.80449504,0.6361856,0.55488133
0,0.3842364532019704,0.07258121184976578,0.37884349724027394,0.2944196580852928,0.1596223456433191,0.10611072,0.23397407,0.5752928
1,0.3842364532019704,0.3009796648155479,0.8804401550925213,0.7092775330534621,0.9253616554581328,0.8277126,0.81998736,0.9578803
1,0.3842364532019704,0.703167030604351,0.01937282146703798,0.18816332351858672,0.02936860393452718,0.044777963,0.009505675,0.021443427
1,0.3842364532019704,0.07258121184976578,0.7777168665751866,0.7893518826890341,0.9349655768473086,0.91757995,0.9723244,0.96694475
1,0.3842364532019704,0.703167030604351,0.6284649205814055,0.7703082805739151,0.7931016792406128,0.90318155,0.87985474,0.7716015
0,0.3842364532019704,0.703167030604351,0.3843975829324496,0.842104756775732,0.9586005368877633,0.86191714,0.9042254,0.8771965
1,0.3842364532019704,0.703167030604351,0.5075188049703638,0.7236405470948044,0.920619042046434,0.82624507,0.84112906,0.6772292
0,0.3842364532019704,0.07258121184976578,0.012300764881730574,0.1685813835631174,0.00890392715865132,0.026266847,0.114982955,0.02302744
0,0.3842364532019704,0.07258121184976578,0.0018018310349538044,0.06668448218448218,0.0012056541762435666,0.013903013,2.0575604e-05,0.0015909747
1,0.3842364532019704,0.07258121184976578,0.4180980480721269,0.4979237967570789,0.4701578493267404,0.72632927,0.6765036,0.69424105
1,0.3842364532019704,0.703167030604351,0.25934678304879455,0.6763592131724481,0.7986091568305258,0.72815675,0.92036235,0.44631073
1,0.3842364532019704,0.703167030604351,0.010408097714094995,0.2614850242894361,0.04238424887047414,0.5795358,0.10200617,0.10685205
0,0.3842364532019704,0.07258121184976578,0.0005489179830971659,0.022090284715284715,0.00033870508881069764,0.0046125003,9.95667e-06,2.3979403e-05
1,0.3842364532019704,0.3009796648155479,0.019701239133960807,0.2714464531856175,0.00034053679127671554,0.07540677,0.0037231904,0.012097546
0,0.3842364532019704,0.07258121184976578,0.010234133533994315,0.03191320346320346,0.00021106701711543253,0.0041414932,9.026488e-05,0.00056444155
0,0.3842364532019704,0.07258121184976578,0.07079582959206834,0.27708180248544034,0.13477376319466303,0.35465282,0.2834114,0.02821882
1,0.3842364532019704,0.07258121184976578,0.11468668288920036,0.1932689046419697,0.021247975879781906,0.19524339,0.44321525,0.115567714
1,0.3842364532019704,0.703167030604351,0.8499716170189857,0.7801281144981609,0.9071298516323053,0.91761404,0.92891693,0.9697595
0,0.3842364532019704,0.07258121184976578,0.016187122234850807,0.049315073815073815,0.0014555638963571053,0.01561442,0.00021746766,0.0069117546
0,0.3842364532019704,0.3009796648155479,0.3331714293835855,0.3814663557031203,0.1776894119679431,0.3046437,0.11757044,0.54495305
0,0.3842364532019704,0.07258121184976578,0.018993745825125356,0.01808050838050838,8.252352533245474e-05,0.01189726,0.00089565624,0.0026800341
0,0.3842364532019704,0.07258121184976578,0.018322127061701103,0.2145509449185146,0.033121067684069826,0.24575776,0.12661967,0.10343223
1,0.3842364532019704,0.07258121184976578,0.16693607644935576,0.1160953810894987,0.005193037557628348,0.29556313,0.09955667,0.09435815
0,0.3842364532019704,0.703167030604351,0.9849439824513284,0.6233806190799226,0.9783892377521674,0.6345905,0.933561,0.9650631
1,0.3842364532019704,0.703167030604351,0.8010150759270009,0.7249596132195975,0.8710732674507327,0.7822001,0.7756392,0.8643948
0,0.3842364532019704,0.07258121184976578,0.0008934180882445319,0.03448105505605506,0.00042624846279609046,0.0048720012,0.0001878934,0.00044733108
0,0.3842364532019704,0.07258121184976578,0.0074876976536951394,0.03051733087174263,0.001061938614172684,0.0054457113,0.00047222298,0.0014915583
1,0.3842364532019704,0.07258121184976578,0.014820327055362853,0.13349262959262964,0.0524023296532404,0.0027530126,4.5950055e-05,0.000534428
0,0.3842364532019704,0.07258121184976578,0.0005485624293535656,0.06689722499722496,0.0006816079333406143,0.001547685,1.0415587e-05,0.0006115984
1,0.3842364532019704,0.07258121184976578,0.3691702536942803,0.3970869967064242,0.7623070530019453,0.58303946,0.59261954,0.49823028
0,0.3842364532019704,0.07258121184976578,0.19268341622283036,0.36922394403841796,0.06347308752932389,0.59264565,0.72411263,0.06823814
1,0.3842364532019704,0.3009796648155479,0.8905560720004148,0.5973096449388244,0.9855797116496644,0.85324425,0.79599047,0.96540296
0,0.3842364532019704,0.07258121184976578,0.001246956439467339,0.038816994116994116,0.000806297334226547,0.006036575,6.2880135e-06,0.0007098039
0,0.3842364532019704,0.07258121184976578,0.014443723435659044,0.047590512265512246,0.0024013371675919615,0.015609134,0.00018346678,0.0025551147
1,0.3842364532019704,0.703167030604351,0.1563478495585698,0.46081539317347986,0.826373968434344,0.7383344,0.85162324,0.35100678
0,0.3842364532019704,0.3009796648155479,0.013628611127372544,0.08255518370518371,0.0017591194014739016,0.060013272,0.00013408298,0.011366137
0,0.3842364532019704,0.3009796648155479,0.0012398732841983372,0.02709919802419803,0.0008283552141577233,0.0024113527,2.4892506e-06,0.000756134
1,0.3842364532019704,0.07258121184976578,0.17942372582924007,0.6775257730831263,0.247474122915036,0.6727149,0.38000706,0.12442967
0,0.3842364532019704,0.703167030604351,0.7169817309779215,0.6370152656682848,0.7012947466741845,0.66937083,0.9440063,0.82979614
0,0.3842364532019704,0.703167030604351,0.7424867835638594,0.4503034701109006,0.7238108286889311,0.6663233,0.3513449,0.16438551
1,0.3842364532019704,0.703167030604351,0.5737119454906411,0.411676869733294,0.32962574211945955,0.91207105,0.6758037,0.89715576
0,0.3842364532019704,0.703167030604351,0.6534136035337875,0.4620266627163687,0.7544155893903759,0.5822442,0.7936645,0.42692024
0,0.3842364532019704,0.07258121184976578,0.0047085466747548285,0.08749686849098613,0.0011194545980353098,0.007594214,5.4209075e-05,0.0001272362
0,0.3842364532019704,0.3009796648155479,0.023018540625209548,0.1684913232965865,0.006309655472180724,0.025453294,0.0027453555,0.011925113
0,0.3842364532019704,0.3009796648155479,0.46158706460818977,0.5338944961900848,0.5087886210902752,0.6858232,0.64846426,0.8722574
1,0.3842364532019704,0.703167030604351,0.026502519849056046,0.1354799555793364,0.004048807034224296,0.024436515,0.005944841,0.009296578
0,0.3842364532019704,0.703167030604351,0.5298798947373368,0.6889894172734732,0.739153320998587,0.54308504,0.50487995,0.48785168
1,0.3842364532019704,0.703167030604351,0.6993437244018751,0.7170485470755593,0.9138302268598537,0.7407857,0.93851674,0.8264408
1,0.3842364532019704,0.3009796648155479,0.017542325438737762,0.41451721709662903,0.0539074003603543,0.4751165,0.3223984,0.22007598
1,0.3842364532019704,0.703167030604351,0.005745883432745663,0.4271545881706874,0.13551842301284645,0.45486158,0.09070509,0.067355305
1,0.3842364532019704,0.703167030604351,0.314060414032896,0.6703606484159117,0.7655532378184046,0.71449125,0.14868078,0.67329776
0,0.3842364532019704,0.3009796648155479,0.3544041256497244,0.28152528125469306,0.05430881976676539,0.76057357,0.9269598,0.7918349
1,0.3842364532019704,0.703167030604351,0.47643196476143507,0.7359060308284766,0.7027027075654471,0.7053336,0.8497889,0.49959326
1,0.3842364532019704,0.703167030604351,0.331080806994124,0.683069133274706,0.5132736096785312,0.73752964,0.8628572,0.7513797
1,0.3842364532019704,0.3009796648155479,0.4183557002888335,0.3077723198370258,0.2891262513332994,0.26675868,0.31572708,0.0642426
0,0.3842364532019704,0.07258121184976578,0.0023535102653983236,0.026765537240537245,0.0018949257481927016,0.0030999982,2.1280783e-05,0.00092021324
1,0.3842364532019704,0.07258121184976578,0.13693493355163025,0.4595764202000272,0.3907356864645817,0.4666988,0.32828555,0.1141352
1,0.3842364532019704,0.703167030604351,0.2077142117248926,0.6168256337831415,0.47505923828041047,0.6827161,0.688767,0.35310993
0,0.3842364532019704,0.3009796648155479,0.10712465686037756,0.30756940461499266,0.07811289061207274,0.22712068,0.053860605,0.2239728
1,0.3842364532019704,0.3009796648155479,0.008542032083213991,0.08036941158256947,0.0010983673512267225,0.030783065,9.4012394e-05,0.0036548234
1,0.3842364532019704,0.703167030604351,0.17279006504459848,0.6397120947336116,0.6667783728599336,0.55903125,0.7793827,0.79960763
1,0.3842364532019704,0.703167030604351,0.8495237713291597,0.6610490514387571,0.6241478601708915,0.8707659,0.92070454,0.75111544
0,0.3842364532019704,0.07258121184976578,0.20239021280344208,0.15680911948388732,0.0038946954944453515,0.15906085,0.21625212,0.29949763
1,0.3842364532019704,0.3009796648155479,0.4464577231991298,0.4237441780441781,0.4780116686216218,0.82392144,0.78410834,0.69956666
0,0.3842364532019704,0.07258121184976578,0.017180862754648973,0.05338313908313908,0.002657783269607117,0.0032733697,8.088698e-05,0.0033586333
0,0.3842364532019704,0.3009796648155479,0.47943568940824194,0.23291511037981644,0.03510076980276623,0.6530706,0.085275285,0.7946644
1,0.3842364532019704,0.07258121184976578,0.22949085548404563,0.5095217235379005,0.10819721572587103,0.5427897,0.6069933,0.30590773
1,0.3842364532019704,0.3009796648155479,0.2073236865495456,0.3993128917951673,0.17841267424650714,0.6832906,0.3000392,0.26142094
1,0.3842364532019704,0.703167030604351,0.8279039687538404,0.7554386458828415,0.7856686662967078,0.8669288,0.9692818,0.9241989
1,0.3842364532019704,0.703167030604351,0.6270758283269281,0.5398666834455536,0.574405097642612,0.52379465,0.71309876,0.39863938
1,0.3842364532019704,0.3009796648155479,0.8668834359975828,0.5320033945586579,0.9032554794094824,0.9149722,0.92852944,0.9864634
1,0.3842364532019704,0.3009796648155479,0.7743535178072193,0.8306975938492194,0.8789372021696835,0.9132607,0.9275379,0.9647047
0,0.3842364532019704,0.703167030604351,0.19207439775468468,0.715489603860192,0.8848197949784234,0.88250285,0.75863636,0.6504502
1,0.3842364532019704,0.3009796648155479,0.04603820528175375,0.12836386955837417,0.005272922511608405,0.024441542,0.102257475,0.020090379
1,0.3842364532019704,0.703167030604351,0.6832193748680682,0.7215104178501235,0.9326094134923153,0.68016434,0.7986722,0.8492946
1,0.3842364532019704,0.07258121184976578,0.0540200699396521,0.4516426872662943,0.03487072567828151,0.76752526,0.67685235,0.46046522
1,0.3842364532019704,0.703167030604351,0.3098458240873282,0.5634756035588081,0.669855046695836,0.3602589,0.40631938,0.4009255
0,0.3842364532019704,0.07258121184976578,0.0009951462583849481,0.10843635808635811,0.0003728088545602396,0.009355579,3.3031753e-05,0.0001189123
0,0.3842364532019704,0.07258121184976578,0.07354242925606268,0.05160720668220668,0.007561216688215883,0.03767339,0.019751811,0.002658015
1,0.3842364532019704,0.703167030604351,0.09330890645965792,0.12176851351263118,0.01803382212391805,0.1503651,0.03161604,0.07300176
1,0.3842364532019704,0.07258121184976578,0.37941494510061247,0.5109823960353371,0.28542176530627783,0.31628504,0.16117358,0.47829357
0,0.3842364532019704,0.07258121184976578,0.23284930999635972,0.4497867585029352,0.21576020426706596,0.21062082,0.9505084,0.669265
1,0.3842364532019704,0.703167030604351,0.8696805666403237,0.7153118706113288,0.5700260237205,0.80473524,0.9281263,0.9041384
0,0.3842364532019704,0.3009796648155479,0.2538489325363273,0.17826174454200783,0.44969930661484014,0.20739546,0.04475529,0.1893717
0,0.3842364532019704,0.07258121184976578,0.001535691324209831,0.04243912851854028,0.00038732834559220274,0.0016371526,3.3286884e-05,0.0005243847
0,0.3842364532019704,0.703167030604351,0.1334445322768198,0.5660830784551741,0.28536053683305324,0.4457604,0.58556974,0.5657223
0,0.3842364532019704,0.703167030604351,0.3881740147860561,0.7038784395343216,0.8999201018322729,0.86201334,0.7472321,0.7631823
1,0.3842364532019704,0.07258121184976578,0.5792643436556054,0.5490661948474641,0.3687820752156619,0.6585402,0.37630996,0.76683676
1,0.3842364532019704,0.3009796648155479,0.9657216997139202,0.6160376323968432,0.9533978515401762,0.98691404,0.99196,0.99140424
0,0.3842364532019704,0.07258121184976578,0.0020288412349457304,0.07248493524019838,0.0015752909166580847,0.0016697925,9.974036e-07,9.1012e-05
1,0.3842364532019704,0.3009796648155479,0.16052988105842433,0.6684555753585943,0.8984650693267121,0.58278793,0.76165456,0.36611393
1,0.3842364532019704,0.703167030604351,0.12356047247966408,0.23114888020476249,0.012004416090828914,0.39695817,0.35319257,0.18886627
0,0.3842364532019704,0.3009796648155479,0.019503094407449587,0.1321279021631963,0.012429790108458502,0.03208928,0.00019922241,0.0006719456
1,0.3842364532019704,0.07258121184976578,0.04913169915657794,0.13163496177025594,0.04285494973617519,0.09663264,0.060679317,0.09665158
0,0.3842364532019704,0.07258121184976578,0.003272744244399942,0.03645273892773892,0.0003632664565831748,0.0041927467,8.457762e-05,0.00031017838
1,0.3842364532019704,0.3009796648155479,0.49408673533914876,0.7652425585250661,0.9657428292231468,0.6114088,0.8288108,0.7364598
1,0.3842364532019704,0.703167030604351,0.17305811779916253,0.1590811168363801,0.005927854881354611,0.040794432,0.014756734,0.08652717
0,0.3842364532019704,0.3009796648155479,0.08589577576936926,0.14292430037282977,0.0354525067332378,0.08111031,0.08390201,0.0069487533
0,0.3842364532019704,0.3009796648155479,0.013483502394398699,0.1404048399313106,0.012394442425451567,0.07981952,0.032223277,0.001341727
1,0.3842364532019704,0.3009796648155479,0.08438755679335591,0.15349343784870104,0.004986813179698615,0.037191324,0.0206562,0.01612287
1,0.3842364532019704,0.703167030604351,0.848442320943922,0.7616871537818909,0.9101251855283591,0.87876654,0.798685,0.8521757
0,0.3842364532019704,0.07258121184976578,0.02061375946218266,0.03314323249849565,0.00030959048966625085,0.009840379,0.00071745197,0.010553734
1,0.3842364532019704,0.703167030604351,0.15454895505450772,0.6744709918048926,0.2358332918407693,0.5553729,0.6130086,0.3967911
1,0.3842364532019704,0.703167030604351,0.5752557306654369,0.5418844710844709,0.8250723729560393,0.4459527,0.17038533,0.83203334
1,0.3842364532019704,0.703167030604351,0.7051960222191145,0.6924606641896116,0.9107534279682363,0.8310693,0.89147484,0.7453953
1,0.3842364532019704,0.703167030604351,0.22926826044643386,0.5822737319268281,0.17811457884330162,0.7563947,0.722937,0.53630054
0,0.3842364532019704,0.07258121184976578,0.002590892421827764,0.03632053502053502,0.00036422892887983516,0.002639648,8.728945e-07,0.00036234024
0,0.3842364532019704,0.07258121184976578,0.0023733661026807424,0.02987561123087438,0.0006455923219597079,0.0027850873,1.0408278e-05,0.0012498472
1,0.3842364532019704,0.3009796648155479,0.07561627453906242,0.20805207798737224,0.02882801154722059,0.26396155,0.009852981,0.09034705
1,0.3842364532019704,0.703167030604351,0.22806947235944186,0.5169525062914381,0.4713919203811109,0.8278912,0.75078803,0.5615853
0,0.3842364532019704,0.3009796648155479,0.005923470342722446,0.058439954489954475,0.00034483945587315335,0.004391413,3.0179554e-05,0.0037081796
0,0.3842364532019704,0.07258121184976578,0.0017733846356847835,0.054127014652014645,0.0014069836161763965,0.0054243384,0.00039017262,0.00088285824
1,0.3842364532019704,0.703167030604351,0.871783615698624,0.7925702284557546,0.8239986199362288,0.8297214,0.8861555,0.9669334
0,0.3842364532019704,0.07258121184976578,0.01664745074039347,0.04742941502941502,0.0010593337361539414,0.005984044,0.00012950816,0.0016038985
1,0.3842364532019704,0.703167030604351,0.945413051350721,0.6961174479115649,0.9337981179353274,0.9213968,0.90677595,0.96611047
0,0.3842364532019704,0.3009796648155479,0.021952197475619068,0.048203832278832265,0.0024937349150851574,0.0014551597,0.0001963076,0.0015430667
1,0.3842364532019704,0.703167030604351,0.7914283786339399,0.7244475379195966,0.9403517017468853,0.79999864,0.9411514,0.7402992
1,0.3842364532019704,0.703167030604351,0.6051200500525081,0.5418625252714258,0.7985178005481186,0.8972028,0.6549633,0.27825335
1,0.3842364532019704,0.703167030604351,0.060305732699289585,0.19185849093287172,0.010832128473814819,0.061578132,0.014488354,0.023055907
1,0.3842364532019704,0.703167030604351,0.17656499083800475,0.15398971101997427,0.011045951233360388,0.042668417,0.025122521,0.03184509
1,0.3842364532019704,0.703167030604351,0.4261011570765889,0.45803407181054234,0.45997071852439253,0.7301211,0.7835295,0.27416596
0,0.3842364532019704,0.07258121184976578,0.006683761308280168,0.021137254412254416,0.0003961195613890761,0.006768017,1.4043137e-05,0.0005578597
1,0.3842364532019704,0.3009796648155479,0.0654160767585968,0.3234414082047984,0.27798709989202663,0.5275917,0.07148572,0.07819071
0,0.3842364532019704,0.07258121184976578,0.07725133981638463,0.15151787697166966,0.01997455913810645,0.015319787,0.00039792477,0.01321055
1,0.3842364532019704,0.3009796648155479,0.5827306106401421,0.4606961734601826,0.9348521410828969,0.7414781,0.89935267,0.7159742
0,0.3842364532019704,0.703167030604351,0.32550915705748895,0.1999425492807846,0.5326797775116845,0.046638012,0.06866996,0.040189136
0,0.3842364532019704,0.3009796648155479,0.014022140493543335,0.06895474525474525,0.013796482144627045,0.005582519,7.635579e-05,0.014094397
1,0.3842364532019704,0.3009796648155479,0.32688152893406563,0.24424935815818172,0.19450373857057993,0.7703866,0.30113712,0.7471237
0,0.3842364532019704,0.3009796648155479,0.010514665286748588,0.1295316107868739,0.04439657028126475,0.06580244,0.0070819794,0.0077732634
0,0.3842364532019704,0.3009796648155479,0.8517164788927176,0.45534910729105765,0.07396590333236047,0.7543847,0.7365455,0.8579781
1,0.3842364532019704,0.703167030604351,0.40132821439591826,0.7332955119699702,0.8784674570356537,0.65263414,0.8687529,0.7240658
1,0.3842364532019704,0.703167030604351,0.7574555729657786,0.8186404371772021,0.9135947728902015,0.959561,0.83177274,0.9566881
1,0.3842364532019704,0.703167030604351,0.8264537104503462,0.7357927894001423,0.8588935288291158,0.87214524,0.9399365,0.8679112
1,0.3842364532019704,0.703167030604351,0.844095209696208,0.6548815953052805,0.9157069098259689,0.92070645,0.9731551,0.8645386
1,0.3842364532019704,0.3009796648155479,0.012151462526594695,0.1297924895366072,0.00032672089391120305,0.00609387,0.000782706,0.00021709209
