setting,model,n,event_rate,auroc,auroc_lo,auroc_hi,auprc,brier,brier_lo,brier_hi,calib_intercept,calib_slope
modern_external_rembrandt_B_2y,penalised_logistic,341,0.592,0.68,0.621,0.737,0.707,0.264,0.236,0.293,0.876,0.421
modern_external_rembrandt_B_2y,tf_regularised,341,0.592,0.68,0.62,0.736,0.707,0.227,0.198,0.255,0.096,0.466
modern_external_rembrandt_B_2y,ft_transformer,341,0.592,0.617,0.556,0.675,0.67,0.266,0.24,0.294,0.66,0.374
modern_external_gravendeel_B_2y,penalised_logistic,260,0.642,0.822,0.765,0.872,0.886,0.196,0.165,0.228,1.096,0.824
modern_external_gravendeel_B_2y,tf_regularised,260,0.642,0.826,0.769,0.876,0.885,0.168,0.136,0.2,0.374,0.667
modern_external_gravendeel_B_2y,ft_transformer,260,0.642,0.812,0.758,0.864,0.887,0.179,0.149,0.209,0.616,0.756
external_tcga_to_rembrandt_C_expression_os_2y,base_rate,341,0.592,0.5,0.5,0.5,0.592,0.285,0.273,0.297,0.845,
external_tcga_to_rembrandt_C_expression_os_2y,logistic_age_grade,341,0.592,0.639,0.578,0.694,0.672,0.289,0.263,0.317,1.165,0.445
external_tcga_to_rembrandt_C_expression_os_2y,penalised_logistic,341,0.592,0.738,0.684,0.789,0.764,0.303,0.266,0.34,2.234,0.369
external_tcga_to_rembrandt_C_expression_os_2y,random_forest,341,0.592,0.781,0.73,0.828,0.808,0.223,0.196,0.25,1.145,0.781
external_tcga_to_rembrandt_C_expression_os_2y,hist_gboost,341,0.592,0.768,0.716,0.816,0.803,0.276,0.238,0.313,2.642,0.315
external_tcga_to_rembrandt_C_expression_os_2y,tf_compact,341,0.592,0.772,0.721,0.82,0.811,0.227,0.195,0.26,1.403,0.397
external_tcga_to_rembrandt_C_expression_os_2y,tf_medium,341,0.592,0.755,0.702,0.805,0.794,0.263,0.224,0.302,2.076,0.225
external_tcga_to_rembrandt_C_expression_os_2y,tf_regularised,341,0.592,0.765,0.714,0.815,0.808,0.265,0.229,0.3,2.077,0.323
external_tcga_to_gravendeel_A_clinical_os_2y,base_rate,260,0.642,0.5,0.5,0.5,0.642,0.296,0.282,0.31,1.057,
external_tcga_to_gravendeel_A_clinical_os_2y,logistic_age_grade,260,0.642,0.812,0.759,0.865,0.888,0.181,0.152,0.211,0.7,0.742
external_tcga_to_gravendeel_A_clinical_os_2y,penalised_logistic,260,0.642,0.828,0.777,0.88,0.895,0.176,0.146,0.206,0.814,0.782
external_tcga_to_gravendeel_A_clinical_os_2y,random_forest,260,0.642,0.809,0.751,0.864,0.873,0.182,0.15,0.215,0.859,0.635
external_tcga_to_gravendeel_A_clinical_os_2y,hist_gboost,260,0.642,0.801,0.74,0.858,0.858,0.192,0.157,0.227,0.996,0.553
external_tcga_to_gravendeel_A_clinical_os_2y,tf_compact,260,0.642,0.816,0.763,0.868,0.888,0.172,0.141,0.204,0.177,0.701
external_tcga_to_gravendeel_A_clinical_os_2y,tf_medium,260,0.642,0.801,0.74,0.856,0.859,0.17,0.14,0.201,0.324,0.64
external_tcga_to_gravendeel_A_clinical_os_2y,tf_regularised,260,0.642,0.823,0.77,0.875,0.892,0.172,0.139,0.207,0.185,0.615
modern_internal_tcga_B_2y,penalised_logistic,406,0.384,0.917,0.887,0.943,0.851,0.105,0.083,0.128,0.003,0.971
modern_internal_tcga_B_2y,tf_regularised,406,0.384,0.913,0.882,0.941,0.845,0.107,0.086,0.128,-0.071,1.055
modern_internal_tcga_B_2y,ft_transformer,406,0.384,0.891,0.855,0.922,0.805,0.124,0.104,0.146,-0.123,1.018
external_tcga_to_gravendeel_B_clinical_molecular_os_2y,base_rate,260,0.642,0.5,0.5,0.5,0.642,0.296,0.282,0.31,1.057,
external_tcga_to_gravendeel_B_clinical_molecular_os_2y,logistic_age_grade,260,0.642,0.812,0.759,0.865,0.888,0.181,0.152,0.211,0.7,0.742
external_tcga_to_gravendeel_B_clinical_molecular_os_2y,penalised_logistic,260,0.642,0.822,0.765,0.872,0.886,0.196,0.165,0.228,1.096,0.824
external_tcga_to_gravendeel_B_clinical_molecular_os_2y,random_forest,260,0.642,0.789,0.727,0.845,0.859,0.202,0.172,0.233,0.967,0.728
external_tcga_to_gravendeel_B_clinical_molecular_os_2y,hist_gboost,260,0.642,0.784,0.718,0.84,0.852,0.21,0.177,0.247,1.123,0.552
external_tcga_to_gravendeel_B_clinical_molecular_os_2y,tf_compact,260,0.642,0.83,0.777,0.879,0.895,0.167,0.136,0.199,0.299,0.684
external_tcga_to_gravendeel_B_clinical_molecular_os_2y,tf_medium,260,0.642,0.806,0.742,0.861,0.853,0.174,0.141,0.211,0.419,0.503
external_tcga_to_gravendeel_B_clinical_molecular_os_2y,tf_regularised,260,0.642,0.826,0.769,0.876,0.885,0.168,0.136,0.2,0.374,0.667
external_tcga_to_rembrandt_A_clinical_os_2y,base_rate,341,0.592,0.5,0.5,0.5,0.592,0.285,0.273,0.297,0.845,
external_tcga_to_rembrandt_A_clinical_os_2y,logistic_age_grade,341,0.592,0.639,0.578,0.694,0.672,0.289,0.263,0.317,1.165,0.445
external_tcga_to_rembrandt_A_clinical_os_2y,penalised_logistic,341,0.592,0.68,0.621,0.737,0.707,0.264,0.236,0.293,0.876,0.421
external_tcga_to_rembrandt_A_clinical_os_2y,random_forest,341,0.592,0.681,0.623,0.737,0.707,0.243,0.216,0.271,0.675,0.488
external_tcga_to_rembrandt_A_clinical_os_2y,hist_gboost,341,0.592,0.721,0.67,0.772,0.755,0.229,0.199,0.258,0.42,0.496
external_tcga_to_rembrandt_A_clinical_os_2y,tf_compact,341,0.592,0.68,0.62,0.737,0.707,0.237,0.21,0.264,0.29,0.439
external_tcga_to_rembrandt_A_clinical_os_2y,tf_medium,341,0.592,0.72,0.667,0.772,0.755,0.222,0.193,0.253,-0.169,0.425
external_tcga_to_rembrandt_A_clinical_os_2y,tf_regularised,341,0.592,0.68,0.62,0.736,0.707,0.227,0.198,0.255,0.096,0.466
external_tcga_to_rembrandt_B_clinical_molecular_os_2y,base_rate,341,0.592,0.5,0.5,0.5,0.592,0.285,0.273,0.297,0.845,
external_tcga_to_rembrandt_B_clinical_molecular_os_2y,logistic_age_grade,341,0.592,0.639,0.578,0.694,0.672,0.289,0.263,0.317,1.165,0.445
external_tcga_to_rembrandt_B_clinical_molecular_os_2y,penalised_logistic,341,0.592,0.68,0.621,0.737,0.707,0.264,0.236,0.293,0.876,0.421
external_tcga_to_rembrandt_B_clinical_molecular_os_2y,random_forest,341,0.592,0.681,0.623,0.737,0.707,0.243,0.216,0.271,0.675,0.488
external_tcga_to_rembrandt_B_clinical_molecular_os_2y,hist_gboost,341,0.592,0.721,0.67,0.772,0.755,0.229,0.199,0.258,0.42,0.496
external_tcga_to_rembrandt_B_clinical_molecular_os_2y,tf_compact,341,0.592,0.68,0.62,0.737,0.707,0.237,0.21,0.264,0.29,0.439
external_tcga_to_rembrandt_B_clinical_molecular_os_2y,tf_medium,341,0.592,0.72,0.667,0.772,0.755,0.222,0.193,0.253,-0.169,0.425
external_tcga_to_rembrandt_B_clinical_molecular_os_2y,tf_regularised,341,0.592,0.68,0.62,0.736,0.707,0.227,0.198,0.255,0.096,0.466
external_tcga_to_gravendeel_C_expression_os_2y,base_rate,260,0.642,0.5,0.5,0.5,0.642,0.296,0.282,0.31,1.057,
external_tcga_to_gravendeel_C_expression_os_2y,logistic_age_grade,260,0.642,0.812,0.759,0.865,0.888,0.181,0.152,0.211,0.7,0.742
external_tcga_to_gravendeel_C_expression_os_2y,penalised_logistic,260,0.642,0.81,0.746,0.869,0.854,0.282,0.24,0.322,2.71,0.494
external_tcga_to_gravendeel_C_expression_os_2y,random_forest,260,0.642,0.831,0.775,0.885,0.875,0.214,0.185,0.242,1.393,1.056
external_tcga_to_gravendeel_C_expression_os_2y,hist_gboost,260,0.642,0.798,0.737,0.856,0.842,0.269,0.225,0.314,2.873,0.378
external_tcga_to_gravendeel_C_expression_os_2y,tf_compact,260,0.642,0.815,0.754,0.873,0.845,0.208,0.173,0.244,1.641,0.51
external_tcga_to_gravendeel_C_expression_os_2y,tf_medium,260,0.642,0.806,0.744,0.866,0.848,0.229,0.186,0.272,2.935,0.286
external_tcga_to_gravendeel_C_expression_os_2y,tf_regularised,260,0.642,0.797,0.733,0.861,0.824,0.248,0.206,0.288,2.58,0.369
